PassengerId,Survived,Pclass,Name,Sex,Age,SibSp,Parch,Ticket,Fare,Embarked,Cabin_letter,Cabin_number,FamilySize,LastName_encoded,Title_encoded
1,0.0,3,"Braund, Mr. Owen Harris",male,22.0,1,0,A/5 21171,7.25,S,,,2,0.0,0.15667311411992263
2,1.0,1,"Cumings, Mrs. John Bradley (Florence Briggs Thayer)",female,38.0,1,0,PC 17599,71.2833,C,C,85,2,1.0,0.792
3,1.0,3,"Heikkinen, Miss. Laina",female,26.0,0,0,STON/O2. 3101282,7.925,S,,,1,1.0,0.6978021978021978
4,1.0,1,"Futrelle, Mrs. Jacques Heath (Lily May Peel)",female,35.0,1,0,113803,53.1,S,C,123,2,0.5,0.792
5,0.0,3,"Allen, Mr. William Henry",male,35.0,0,0,373450,8.05,S,,,1,0.5,0.15667311411992263
6,0.0,3,"Moran, Mr. James",male,29.33828353881836,0,0,330877,8.4583,Q,,,1,0.3333333333333333,0.15667311411992263
7,0.0,1,"McCarthy, Mr. Timothy J",male,54.0,0,0,17463,51.8625,S,E,46,1,0.0,0.15667311411992263
8,0.0,3,"Palsson, Master. Gosta Leonard",male,2.0,3,1,349909,21.075,S,,,5,0.0,0.575
9,1.0,3,"Johnson, Mrs. Oscar W (Elisabeth Vilhelmina Berg)",female,27.0,0,2,347742,11.1333,S,,,3,0.5,0.792
10,1.0,2,"Nasser, Mrs. Nicholas (Adele Achem)",female,14.0,1,0,237736,30.0708,C,,,2,0.5,0.792
11,1.0,3,"Sandstrom, Miss. Marguerite Rut",female,4.0,1,1,PP 9549,16.7,S,G,6,3,1.0,0.6978021978021978
12,1.0,1,"Bonnell, Miss. Elizabeth",female,58.0,0,0,113783,26.55,S,C,103,1,1.0,0.6978021978021978
13,0.0,3,"Saundercock, Mr. William Henry",male,20.0,0,0,A/5. 2151,8.05,S,,,1,0.0,0.15667311411992263
14,0.0,3,"Andersson, Mr. Anders Johan",male,39.0,1,5,347082,31.275,S,,,7,0.2222222222222222,0.15667311411992263
15,0.0,3,"Vestrom, Miss. Hulda Amanda Adolfina",female,14.0,0,0,350406,7.8542,S,,,1,0.0,0.6978021978021978
16,1.0,2,"Hewlett, Mrs. (Mary D Kingcome) ",female,55.0,0,0,248706,16.0,S,,,1,1.0,0.792
17,0.0,3,"Rice, Master. Eugene",male,2.0,4,1,382652,29.125,Q,,,6,0.0,0.575
18,1.0,2,"Williams, Mr. Charles Eugene",male,32.6666259765625,0,0,244373,13.0,S,,,1,0.25,0.15667311411992263
19,0.0,3,"Vander Planke, Mrs. Julius (Emelia Maria Vandemoortele)",female,31.0,1,0,345763,18.0,S,,,2,0.0,0.792
20,1.0,3,"Masselmani, Mrs. Fatima",female,39.72073745727539,0,0,2649,7.225,C,,,1,1.0,0.792
21,0.0,2,"Fynney, Mr. Joseph J",male,35.0,0,0,239865,26.0,S,,,1,0.0,0.15667311411992263
22,1.0,2,"Beesley, Mr. Lawrence",male,34.0,0,0,248698,13.0,S,D,56,1,1.0,0.15667311411992263
23,1.0,3,"McGowan, Miss. Anna ""Annie""",female,15.0,0,0,330923,8.0292,Q,,,1,1.0,0.6978021978021978
24,1.0,1,"Sloper, Mr. William Thompson",male,28.0,0,0,113788,35.5,S,A,6,1,1.0,0.15667311411992263
25,0.0,3,"Palsson, Miss. Torborg Danira",female,8.0,3,1,349909,21.075,S,,,5,0.0,0.6978021978021978
26,1.0,3,"Asplund, Mrs. Carl Oscar (Selma Augusta Emilia Johansson)",female,38.0,1,5,347077,31.3875,S,,,7,0.75,0.792
27,0.0,3,"Emir, Mr. Farred Chehab",male,27.527851104736328,0,0,2631,7.225,C,,,1,0.0,0.15667311411992263
28,0.0,1,"Fortune, Mr. Charles Alexander",male,19.0,3,2,19950,263.0,S,C,,6,0.5,0.15667311411992263
29,1.0,3,"O'Dwyer, Miss. Ellen ""Nellie""",female,21.77376365661621,0,0,330959,7.8792,Q,,,1,1.0,0.6978021978021978
30,0.0,3,"Todoroff, Mr. Lalio",male,27.57566261291504,0,0,349216,7.8958,S,,,1,0.0,0.15667311411992263
31,0.0,1,"Uruchurtu, Don. Manuel E",male,40.0,0,0,PC 17601,27.7208,C,,,1,0.0,0.0
32,1.0,1,"Spencer, Mrs. William Augustus (Marie Eugenie)",female,43.42559814453125,1,0,PC 17569,146.5208,C,B,78,2,1.0,0.792
33,1.0,3,"Glynn, Miss. Mary Agatha",female,26.86119842529297,0,0,335677,7.75,Q,,,1,1.0,0.6978021978021978
34,0.0,2,"Wheadon, Mr. Edward H",male,66.0,0,0,C.A. 24579,10.5,S,,,1,0.0,0.15667311411992263
35,0.0,1,"Meyer, Mr. Edgar Joseph",male,28.0,1,0,PC 17604,82.1708,C,,,2,0.3333333333333333,0.15667311411992263
36,0.0,1,"Holverson, Mr. Alexander Oskar",male,42.0,1,0,113789,52.0,S,,,2,0.5,0.15667311411992263
37,1.0,3,"Mamee, Mr. Hanna",male,24.616104125976562,0,0,2677,7.2292,C,,,1,1.0,0.15667311411992263
38,0.0,3,"Cann, Mr. Ernest Charles",male,21.0,0,0,A./5. 2152,8.05,S,,,1,0.0,0.15667311411992263
39,0.0,3,"Vander Planke, Miss. Augusta Maria",female,18.0,2,0,345764,18.0,S,,,3,0.0,0.6978021978021978
40,1.0,3,"Nicola-Yarred, Miss. Jamila",female,14.0,1,0,2651,11.2417,C,,,2,1.0,0.6978021978021978
41,0.0,3,"Ahlin, Mrs. Johan (Johanna Persdotter Larsson)",female,40.0,1,0,7546,9.475,S,,,2,0.0,0.792
42,0.0,2,"Turpin, Mrs. William John Robert (Dorothy Ann Wonnacott)",female,27.0,1,0,11668,21.0,S,,,2,0.0,0.792
43,0.0,3,"Kraeff, Mr. Theodor",male,29.274730682373047,0,0,349253,7.8958,C,,,1,0.0,0.15667311411992263
44,1.0,2,"Laroche, Miss. Simonne Marie Anne Andree",female,3.0,1,2,SC/Paris 2123,41.5792,C,,,4,0.6666666666666666,0.6978021978021978
45,1.0,3,"Devaney, Miss. Margaret Delia",female,19.0,0,0,330958,7.8792,Q,,,1,1.0,0.6978021978021978
46,0.0,3,"Rogers, Mr. William John",male,29.197708129882812,0,0,S.C./A.4. 23567,8.05,S,,,1,0.0,0.15667311411992263
47,0.0,3,"Lennon, Mr. Denis",male,38.67435073852539,1,0,370371,15.5,Q,,,2,0.0,0.15667311411992263
48,1.0,3,"O'Driscoll, Miss. Bridget",female,26.86119842529297,0,0,14311,7.75,Q,,,1,1.0,0.6978021978021978
49,0.0,3,"Samaan, Mr. Youssef",male,18.531753540039062,2,0,2662,21.6792,C,,,3,0.0,0.15667311411992263
50,0.0,3,"Arnold-Franchi, Mrs. Josef (Josefine Franchi)",female,18.0,1,0,349237,17.8,S,,,2,0.0,0.792
51,0.0,3,"Panula, Master. Juha Niilo",male,7.0,4,1,3101295,39.6875,S,,,6,0.0,0.575
52,0.0,3,"Nosworthy, Mr. Richard Cater",male,21.0,0,0,A/4. 39886,7.8,S,,,1,0.0,0.15667311411992263
53,1.0,1,"Harper, Mrs. Henry Sleeper (Myna Haxtun)",female,49.0,1,0,PC 17572,76.7292,C,D,33,2,0.75,0.792
54,1.0,2,"Faunthorpe, Mrs. Lizzie (Elizabeth Anne Wilkinson)",female,29.0,1,0,2926,26.0,S,,,2,1.0,0.792
55,0.0,1,"Ostby, Mr. Engelhart Cornelius",male,65.0,0,1,113509,61.9792,C,B,30,2,0.0,0.15667311411992263
56,1.0,1,"Woolner, Mr. Hugh",male,42.4483757019043,0,0,19947,35.5,S,C,52,1,1.0,0.15667311411992263
57,1.0,2,"Rugg, Miss. Emily",female,21.0,0,0,C.A. 31026,10.5,S,,,1,1.0,0.6978021978021978
58,0.0,3,"Novel, Mr. Mansouer",male,28.5,0,0,2697,7.2292,C,,,1,0.0,0.15667311411992263
59,1.0,2,"West, Miss. Constance Mirium",female,5.0,1,2,C.A. 34651,27.75,S,,,4,0.6666666666666666,0.6978021978021978
60,0.0,3,"Goodwin, Master. William Frederick",male,11.0,5,2,CA 2144,46.9,S,,,8,0.0,0.575
61,0.0,3,"Sirayanian, Mr. Orsen",male,22.0,0,0,2669,7.2292,C,,,1,0.0,0.15667311411992263
62,1.0,1,"Icard, Miss. Amelie",female,38.0,0,0,113572,80.0,S,B,28,1,1.0,0.6978021978021978
63,0.0,1,"Harris, Mr. Henry Birkhardt",male,45.0,1,0,36973,83.475,S,C,83,2,0.5,0.15667311411992263
64,0.0,3,"Skoog, Master. Harald",male,4.0,3,2,347088,27.9,S,,,6,0.0,0.575
65,0.0,1,"Stewart, Mr. Albert A",male,38.033966064453125,0,0,PC 17605,27.7208,C,,,1,0.0,0.15667311411992263
66,1.0,3,"Moubarek, Master. Gerios",male,6.505360126495361,1,1,2661,15.2458,C,,,3,1.0,0.575
67,1.0,2,"Nye, Mrs. (Elizabeth Ramell)",female,29.0,0,0,C.A. 29395,10.5,S,F,33,1,1.0,0.792
68,0.0,3,"Crease, Mr. Ernest James",male,19.0,0,0,S.P. 3464,8.1583,S,,,1,0.0,0.15667311411992263
69,1.0,3,"Andersson, Miss. Erna Alexandra",female,17.0,4,2,3101281,7.925,S,,,7,0.2222222222222222,0.6978021978021978
70,0.0,3,"Kink, Mr. Vincenz",male,26.0,2,0,315151,8.6625,S,,,3,0.0,0.15667311411992263
71,0.0,2,"Jenkin, Mr. Stephen Curnow",male,32.0,0,0,C.A. 33111,10.5,S,,,1,0.0,0.15667311411992263
72,0.0,3,"Goodwin, Miss. Lillian Amy",female,16.0,5,2,CA 2144,46.9,S,,,8,0.0,0.6978021978021978
73,0.0,2,"Hood, Mr. Ambrose Jr",male,21.0,0,0,S.O.C. 14879,73.5,S,,,1,0.0,0.15667311411992263
74,0.0,3,"Chronopoulos, Mr. Apostolos",male,26.0,1,0,2680,14.4542,C,,,2,0.0,0.15667311411992263
75,1.0,3,"Bing, Mr. Lee",male,32.0,0,0,1601,56.4958,S,,,1,1.0,0.15667311411992263
76,0.0,3,"Moen, Mr. Sigurd Hansen",male,25.0,0,0,348123,7.65,S,F,,1,0.0,0.15667311411992263
77,0.0,3,"Staneff, Mr. Ivan",male,27.57566261291504,0,0,349208,7.8958,S,,,1,0.0,0.15667311411992263
78,0.0,3,"Moutal, Mr. Rahamin Haim",male,29.197708129882812,0,0,374746,8.05,S,,,1,0.0,0.15667311411992263
79,1.0,2,"Caldwell, Master. Alden Gates",male,0.83,0,2,248738,29.0,S,,,3,1.0,0.575
80,1.0,3,"Dowdell, Miss. Elizabeth",female,30.0,0,0,364516,12.475,S,,,1,1.0,0.6978021978021978
81,0.0,3,"Waelens, Mr. Achille",male,22.0,0,0,345767,9.0,S,,,1,0.0,0.15667311411992263
82,1.0,3,"Sheerlinck, Mr. Jan Baptist",male,29.0,0,0,345779,9.5,S,,,1,1.0,0.15667311411992263
83,1.0,3,"McDermott, Miss. Brigdet Delia",female,22.492023468017578,0,0,330932,7.7875,Q,,,1,1.0,0.6978021978021978
84,0.0,1,"Carrau, Mr. Francisco M",male,28.0,0,0,113059,47.1,S,,,1,0.0,0.15667311411992263
85,1.0,2,"Ilett, Miss. Bertha",female,17.0,0,0,SO/C 14885,10.5,S,,,1,1.0,0.6978021978021978
86,1.0,3,"Backstrom, Mrs. Karl Alfred (Maria Mathilda Gustafsson)",female,33.0,3,0,3101278,15.85,S,,,4,0.5,0.792
87,0.0,3,"Ford, Mr. William Neal",male,16.0,1,3,W./C. 6608,34.375,S,,,5,0.0,0.15667311411992263
88,0.0,3,"Slocovski, Mr. Selman Francis",male,29.197708129882812,0,0,SOTON/OQ 392086,8.05,S,,,1,0.0,0.15667311411992263
89,1.0,1,"Fortune, Miss. Mabel Helen",female,23.0,3,2,19950,263.0,S,C,,6,0.5,0.6978021978021978
90,0.0,3,"Celotti, Mr. Francesco",male,24.0,0,0,343275,8.05,S,,,1,0.0,0.15667311411992263
91,0.0,3,"Christmann, Mr. Emil",male,29.0,0,0,343276,8.05,S,,,1,0.0,0.15667311411992263
92,0.0,3,"Andreasson, Mr. Paul Edvin",male,20.0,0,0,347466,7.8542,S,,,1,0.0,0.15667311411992263
93,0.0,1,"Chaffee, Mr. Herbert Fuller",male,46.0,1,0,W.E.P. 5734,61.175,S,E,31,2,0.0,0.15667311411992263
94,0.0,3,"Dean, Mr. Bertram Frank",male,26.0,1,2,C.A. 2315,20.575,S,,,4,0.5,0.15667311411992263
95,0.0,3,"Coxon, Mr. Daniel",male,59.0,0,0,364500,7.25,S,,,1,0.0,0.15667311411992263
96,0.0,3,"Shorney, Mr. Charles Joseph",male,29.197708129882812,0,0,374910,8.05,S,,,1,0.0,0.15667311411992263
97,0.0,1,"Goldschmidt, Mr. George B",male,71.0,0,0,PC 17754,34.6542,C,A,5,1,0.0,0.15667311411992263
98,1.0,1,"Greenfield, Mr. William Bertram",male,23.0,0,1,PC 17759,63.3583,C,D,,2,1.0,0.15667311411992263
99,1.0,2,"Doling, Mrs. John T (Ada Julia Bone)",female,34.0,0,1,231919,23.0,S,,,2,1.0,0.792
100,0.0,2,"Kantor, Mr. Sinai",male,34.0,1,0,244367,26.0,S,,,2,0.5,0.15667311411992263
101,0.0,3,"Petranec, Miss. Matilda",female,28.0,0,0,349245,7.8958,S,,,1,0.0,0.6978021978021978
102,0.0,3,"Petroff, Mr. Pastcho (""Pentcho"")",male,27.57566261291504,0,0,349215,7.8958,S,,,1,0.0,0.15667311411992263
103,0.0,1,"White, Mr. Richard Frasar",male,21.0,0,1,35281,77.2875,S,D,26,2,0.0,0.15667311411992263
104,0.0,3,"Johansson, Mr. Gustaf Joel",male,33.0,0,0,7540,8.6542,S,,,1,0.0,0.15667311411992263
105,0.0,3,"Gustafsson, Mr. Anders Vilhelm",male,37.0,2,0,3101276,7.925,S,,,3,0.0,0.15667311411992263
106,0.0,3,"Mionoff, Mr. Stoytcho",male,28.0,0,0,349207,7.8958,S,,,1,0.0,0.15667311411992263
107,1.0,3,"Salkjelsvik, Miss. Anna Kristine",female,21.0,0,0,343120,7.65,S,,,1,1.0,0.6978021978021978
108,1.0,3,"Moss, Mr. Albert Johan",male,28.175058364868164,0,0,312991,7.775,S,,,1,1.0,0.15667311411992263
109,0.0,3,"Rekic, Mr. Tido",male,38.0,0,0,349249,7.8958,S,,,1,0.0,0.15667311411992263
110,1.0,3,"Moran, Miss. Bertha",female,20.458194732666016,1,0,371110,24.15,Q,,,2,0.3333333333333333,0.6978021978021978
111,0.0,1,"Porter, Mr. Walter Chamberlain",male,47.0,0,0,110465,52.0,S,C,110,1,0.0,0.15667311411992263
112,0.0,3,"Zabour, Miss. Hileni",female,14.5,1,0,2665,14.4542,C,,,2,0.0,0.6978021978021978
113,0.0,3,"Barton, Mr. David John",male,22.0,0,0,324669,8.05,S,,,1,0.0,0.15667311411992263
114,0.0,3,"Jussila, Miss. Katriina",female,20.0,1,0,4136,9.825,S,,,2,0.3333333333333333,0.6978021978021978
115,0.0,3,"Attalah, Miss. Malake",female,17.0,0,0,2627,14.4583,C,,,1,0.0,0.6978021978021978
116,0.0,3,"Pekoniemi, Mr. Edvard",male,21.0,0,0,STON/O 2. 3101294,7.925,S,,,1,0.0,0.15667311411992263
117,0.0,3,"Connors, Mr. Patrick",male,70.5,0,0,370369,7.75,Q,,,1,0.0,0.15667311411992263
118,0.0,2,"Turpin, Mr. William John Robert",male,29.0,1,0,11668,21.0,S,,,2,0.0,0.15667311411992263
119,0.0,1,"Baxter, Mr. Quigg Edmond",male,24.0,0,1,PC 17558,247.5208,C,B,,2,0.5,0.15667311411992263
120,0.0,3,"Andersson, Miss. Ellis Anna Maria",female,2.0,4,2,347082,31.275,S,,,7,0.2222222222222222,0.6978021978021978
121,0.0,2,"Hickman, Mr. Stanley George",male,21.0,2,0,S.O.C. 14879,73.5,S,,,3,0.0,0.15667311411992263
122,0.0,3,"Moore, Mr. Leonard Charles",male,29.197708129882812,0,0,A4. 54510,8.05,S,,,1,0.0,0.15667311411992263
123,0.0,2,"Nasser, Mr. Nicholas",male,32.5,1,0,237736,30.0708,C,,,2,0.5,0.15667311411992263
124,1.0,2,"Webber, Miss. Susan",female,32.5,0,0,27267,13.0,S,E,101,1,0.5,0.6978021978021978
125,0.0,1,"White, Mr. Percival Wayland",male,54.0,0,1,35281,77.2875,S,D,26,2,0.0,0.15667311411992263
126,1.0,3,"Nicola-Yarred, Master. Elias",male,12.0,1,0,2651,11.2417,C,,,2,1.0,0.575
127,0.0,3,"McMahon, Mr. Martin",male,39.47279739379883,0,0,370372,7.75,Q,,,1,0.0,0.15667311411992263
128,1.0,3,"Madsen, Mr. Fridtjof Arne",male,24.0,0,0,C 17369,7.1417,S,,,1,1.0,0.15667311411992263
129,1.0,3,"Peter, Miss. Anna",female,3.672848701477051,1,1,2668,22.3583,C,F,,3,1.0,0.6978021978021978
130,0.0,3,"Ekstrom, Mr. Johan",male,45.0,0,0,347061,6.975,S,,,1,0.0,0.15667311411992263
131,0.0,3,"Drazenoic, Mr. Jozef",male,33.0,0,0,349241,7.8958,C,,,1,0.0,0.15667311411992263
132,0.0,3,"Coelho, Mr. Domingos Fernandeo",male,20.0,0,0,SOTON/O.Q. 3101307,7.05,S,,,1,0.0,0.15667311411992263
133,0.0,3,"Robins, Mrs. Alexander A (Grace Charity Laury)",female,47.0,1,0,A/5. 3337,14.5,S,,,2,0.0,0.792
134,1.0,2,"Weisz, Mrs. Leopold (Mathilde Francoise Pede)",female,29.0,1,0,228414,26.0,S,,,2,1.0,0.792
135,0.0,2,"Sobey, Mr. Samuel James Hayden",male,25.0,0,0,C.A. 29178,13.0,S,,,1,0.0,0.15667311411992263
136,0.0,2,"Richard, Mr. Emile",male,23.0,0,0,SC/PARIS 2133,15.0458,C,,,1,0.0,0.15667311411992263
137,1.0,1,"Newsom, Miss. Helen Monypeny",female,19.0,0,2,11752,26.2833,S,D,47,3,1.0,0.6978021978021978
138,0.0,1,"Futrelle, Mr. Jacques Heath",male,37.0,1,0,113803,53.1,S,C,123,2,0.5,0.15667311411992263
139,0.0,3,"Osen, Mr. Olaf Elon",male,16.0,0,0,7534,9.2167,S,,,1,0.0,0.15667311411992263
140,0.0,1,"Giglio, Mr. Victor",male,24.0,0,0,PC 17593,79.2,C,B,86,1,0.0,0.15667311411992263
141,0.0,3,"Boulos, Mrs. Joseph (Sultana)",female,30.873271942138672,0,2,2678,15.2458,C,,,3,0.0,0.792
142,1.0,3,"Nysten, Miss. Anna Sofia",female,22.0,0,0,347081,7.75,S,,,1,1.0,0.6978021978021978
143,1.0,3,"Hakkarainen, Mrs. Pekka Pietari (Elin Matilda Dolck)",female,24.0,1,0,STON/O2. 3101279,15.85,S,,,2,0.5,0.792
144,0.0,3,"Burke, Mr. Jeremiah",male,19.0,0,0,365222,6.75,Q,,,1,0.0,0.15667311411992263
145,0.0,2,"Andrew, Mr. Edgardo Samuel",male,18.0,0,0,231945,11.5,S,,,1,0.0,0.15667311411992263
146,0.0,2,"Nicholls, Mr. Joseph Charles",male,19.0,1,1,C.A. 33112,36.75,S,,,3,0.0,0.15667311411992263
147,1.0,3,"Andersson, Mr. August Edvard (""Wennerstrom"")",male,27.0,0,0,350043,7.7958,S,,,1,0.2222222222222222,0.15667311411992263
148,0.0,3,"Ford, Miss. Robina Maggie ""Ruby""",female,9.0,2,2,W./C. 6608,34.375,S,,,5,0.0,0.6978021978021978
149,0.0,2,"Navratil, Mr. Michel (""Louis M Hoffman"")",male,36.5,0,2,230080,26.0,S,F,2,3,0.6666666666666666,0.15667311411992263
150,0.0,2,"Byles, Rev. Thomas Roussel Davids",male,42.0,0,0,244310,13.0,S,,,1,0.0,0.0
151,0.0,2,"Bateman, Rev. Robert James",male,51.0,0,0,S.O.P. 1166,12.525,S,,,1,0.0,0.0
152,1.0,1,"Pears, Mrs. Thomas (Edith Wearne)",female,22.0,1,0,113776,66.6,S,C,2,2,0.5,0.792
153,0.0,3,"Meo, Mr. Alfonzo",male,55.5,0,0,A.5. 11206,8.05,S,,,1,0.0,0.15667311411992263
154,0.0,3,"van Billiard, Mr. Austin Blyler",male,40.5,0,2,A/5. 851,14.5,S,,,3,0.0,0.15667311411992263
155,0.0,3,"Olsen, Mr. Ole Martin",male,28.68787956237793,0,0,Fa 265302,7.3125,S,,,1,0.0,0.15667311411992263
156,0.0,1,"Williams, Mr. Charles Duane",male,51.0,0,1,PC 17597,61.3792,C,,,2,0.25,0.15667311411992263
157,1.0,3,"Gilnagh, Miss. Katherine ""Katie""",female,16.0,0,0,35851,7.7333,Q,,,1,1.0,0.6978021978021978
158,0.0,3,"Corn, Mr. Harry",male,30.0,0,0,SOTON/OQ 392090,8.05,S,,,1,0.0,0.15667311411992263
159,0.0,3,"Smiljanic, Mr. Mile",male,25.530498504638672,0,0,315037,8.6625,S,,,1,0.0,0.15667311411992263
160,0.0,3,"Sage, Master. Thomas Henry",male,15.969364166259766,8,2,CA. 2343,69.55,S,,,11,0.0,0.575
161,0.0,3,"Cribb, Mr. John Hatfield",male,44.0,0,1,371362,16.1,S,,,2,0.0,0.15667311411992263
162,1.0,2,"Watt, Mrs. James (Elizabeth ""Bessie"" Inglis Milne)",female,40.0,0,0,C.A. 33595,15.75,S,,,1,1.0,0.792
163,0.0,3,"Bengtsson, Mr. John Viktor",male,26.0,0,0,347068,7.775,S,,,1,0.0,0.15667311411992263
164,0.0,3,"Calic, Mr. Jovo",male,17.0,0,0,315093,8.6625,S,,,1,0.0,0.15667311411992263
165,0.0,3,"Panula, Master. Eino Viljami",male,1.0,4,1,3101295,39.6875,S,,,6,0.0,0.575
166,1.0,3,"Goldsmith, Master. Frank John William ""Frankie""",male,9.0,0,2,363291,20.525,S,,,3,0.6666666666666666,0.575
167,1.0,1,"Chibnall, Mrs. (Edith Martha Bowerman)",female,39.69559860229492,0,1,113505,55.0,S,E,33,2,1.0,0.792
168,0.0,3,"Skoog, Mrs. William (Anna Bernhardina Karlsson)",female,45.0,1,4,347088,27.9,S,,,6,0.0,0.792
169,0.0,1,"Baumann, Mr. John D",male,45.10791778564453,0,0,PC 17318,25.925,S,,,1,0.0,0.15667311411992263
170,0.0,3,"Ling, Mr. Lee",male,28.0,0,0,1601,56.4958,S,,,1,0.0,0.15667311411992263
171,0.0,1,"Van der hoef, Mr. Wyckoff",male,61.0,0,0,111240,33.5,S,B,19,1,0.0,0.15667311411992263
172,0.0,3,"Rice, Master. Arthur",male,4.0,4,1,382652,29.125,Q,,,6,0.0,0.575
173,1.0,3,"Johnson, Miss. Eleanor Ileen",female,1.0,1,1,347742,11.1333,S,,,3,0.5,0.6978021978021978
174,0.0,3,"Sivola, Mr. Antti Wilhelm",male,21.0,0,0,STON/O 2. 3101280,7.925,S,,,1,0.0,0.15667311411992263
175,0.0,1,"Smith, Mr. James Clinch",male,56.0,0,0,17764,30.6958,C,A,7,1,0.25,0.15667311411992263
176,0.0,3,"Klasen, Mr. Klas Albin",male,18.0,1,1,350404,7.8542,S,,,3,0.0,0.15667311411992263
177,0.0,3,"Lefebre, Master. Henry Forbes",male,5.174245357513428,3,1,4133,25.4667,S,,,5,0.0,0.575
178,0.0,1,"Isham, Miss. Ann Elizabeth",female,50.0,0,0,PC 17595,28.7125,C,C,49,1,0.0,0.6978021978021978
179,0.0,2,"Hale, Mr. Reginald",male,30.0,0,0,250653,13.0,S,,,1,0.0,0.15667311411992263
180,0.0,3,"Leonard, Mr. Lionel",male,36.0,0,0,LINE,0.0,S,,,1,0.0,0.15667311411992263
181,0.0,3,"Sage, Miss. Constance Gladys",female,23.19721221923828,8,2,CA. 2343,69.55,S,,,11,0.0,0.6978021978021978
182,0.0,2,"Pernot, Mr. Rene",male,30.898710250854492,0,0,SC/PARIS 2131,15.05,C,,,1,0.0,0.15667311411992263
183,0.0,3,"Asplund, Master. Clarence Gustaf Hugo",male,9.0,4,2,347077,31.3875,S,,,7,0.75,0.575
184,1.0,2,"Becker, Master. Richard F",male,1.0,2,1,230136,39.0,S,F,4,4,1.0,0.575
185,1.0,3,"Kink-Heilmann, Miss. Luise Gretchen",female,4.0,0,2,315153,22.025,S,,,3,1.0,0.6978021978021978
186,0.0,1,"Rood, Mr. Hugh Roscoe",male,49.568214416503906,0,0,113767,50.0,S,A,32,1,0.0,0.15667311411992263
187,1.0,3,"O'Brien, Mrs. Thomas (Johanna ""Hannah"" Godfrey)",female,35.8189697265625,1,0,370365,15.5,Q,,,2,0.3333333333333333,0.792
188,1.0,1,"Romaine, Mr. Charles Hallace (""Mr C Rolmane"")",male,45.0,0,0,111428,26.55,S,,,1,1.0,0.15667311411992263
189,0.0,3,"Bourke, Mr. John",male,40.0,1,1,364849,15.5,Q,,,3,0.0,0.15667311411992263
190,0.0,3,"Turcin, Mr. Stjepan",male,36.0,0,0,349247,7.8958,S,,,1,0.0,0.15667311411992263
191,1.0,2,"Pinsky, Mrs. (Rosa)",female,32.0,0,0,234604,13.0,S,,,1,1.0,0.792
192,0.0,2,"Carbines, Mr. William",male,19.0,0,0,28424,13.0,S,,,1,0.0,0.15667311411992263
193,1.0,3,"Andersen-Jensen, Miss. Carla Christine Nielsine",female,19.0,1,0,350046,7.8542,S,,,2,1.0,0.6978021978021978
194,1.0,2,"Navratil, Master. Michel M",male,3.0,1,1,230080,26.0,S,F,2,3,0.6666666666666666,0.575
195,1.0,1,"Brown, Mrs. James Joseph (Margaret Tobin)",female,44.0,0,0,PC 17610,27.7208,C,B,4,1,0.75,0.792
196,1.0,1,"Lurette, Miss. Elise",female,58.0,0,0,PC 17569,146.5208,C,B,80,1,1.0,0.6978021978021978
197,0.0,3,"Mernagh, Mr. Robert",male,39.47279739379883,0,0,368703,7.75,Q,,,1,0.0,0.15667311411992263
198,0.0,3,"Olsen, Mr. Karl Siegwart Andreas",male,42.0,0,1,4579,8.4042,S,,,2,0.0,0.15667311411992263
199,1.0,3,"Madigan, Miss. Margaret ""Maggie""",female,26.86119842529297,0,0,370370,7.75,Q,,,1,1.0,0.6978021978021978
200,0.0,2,"Yrois, Miss. Henriette (""Mrs Harbeck"")",female,24.0,0,0,248747,13.0,S,,,1,0.0,0.6978021978021978
201,0.0,3,"Vande Walle, Mr. Nestor Cyriel",male,28.0,0,0,345770,9.5,S,,,1,0.0,0.15667311411992263
202,0.0,3,"Sage, Mr. Frederick",male,20.65947914123535,8,2,CA. 2343,69.55,S,,,11,0.0,0.15667311411992263
203,0.0,3,"Johanson, Mr. Jakob Alfred",male,34.0,0,0,3101264,6.4958,S,,,1,0.0,0.15667311411992263
204,0.0,3,"Youseff, Mr. Gerious",male,45.5,0,0,2628,7.225,C,,,1,0.0,0.15667311411992263
205,1.0,3,"Cohen, Mr. Gurshon ""Gus""",male,18.0,0,0,A/5 3540,8.05,S,,,1,1.0,0.15667311411992263
206,0.0,3,"Strom, Miss. Telma Matilda",female,2.0,0,1,347054,10.4625,S,G,6,2,0.0,0.6978021978021978
207,0.0,3,"Backstrom, Mr. Karl Alfred",male,32.0,1,0,3101278,15.85,S,,,2,0.5,0.15667311411992263
208,1.0,3,"Albimona, Mr. Nassef Cassem",male,26.0,0,0,2699,18.7875,C,,,1,1.0,0.15667311411992263
209,1.0,3,"Carr, Miss. Helen ""Ellen""",female,16.0,0,0,367231,7.75,Q,,,1,1.0,0.6978021978021978
210,1.0,1,"Blank, Mr. Henry",male,40.0,0,0,112277,31.0,C,A,31,1,1.0,0.15667311411992263
211,0.0,3,"Ali, Mr. Ahmed",male,24.0,0,0,SOTON/O.Q. 3101311,7.05,S,,,1,0.0,0.15667311411992263
212,1.0,2,"Cameron, Miss. Clear Annie",female,35.0,0,0,F.C.C. 13528,21.0,S,,,1,1.0,0.6978021978021978
213,0.0,3,"Perkin, Mr. John Henry",male,22.0,0,0,A/5 21174,7.25,S,,,1,0.0,0.15667311411992263
214,0.0,2,"Givard, Mr. Hans Kristensen",male,30.0,0,0,250646,13.0,S,,,1,0.0,0.15667311411992263
215,0.0,3,"Kiernan, Mr. Philip",male,35.51740264892578,1,0,367229,7.75,Q,,,2,0.0,0.15667311411992263
216,1.0,1,"Newell, Miss. Madeleine",female,31.0,1,0,35273,113.275,C,D,36,2,0.6666666666666666,0.6978021978021978
217,1.0,3,"Honkanen, Miss. Eliina",female,27.0,0,0,STON/O2. 3101283,7.925,S,,,1,1.0,0.6978021978021978
218,0.0,2,"Jacobsohn, Mr. Sidney Samuel",male,42.0,1,0,243847,27.0,S,,,2,0.5,0.15667311411992263
219,1.0,1,"Bazzani, Miss. Albina",female,32.0,0,0,11813,76.2917,C,D,15,1,1.0,0.6978021978021978
220,0.0,2,"Harris, Mr. Walter",male,30.0,0,0,W/C 14208,10.5,S,,,1,0.5,0.15667311411992263
221,1.0,3,"Sunderland, Mr. Victor Francis",male,16.0,0,0,SOTON/OQ 392089,8.05,S,,,1,1.0,0.15667311411992263
222,0.0,2,"Bracken, Mr. James H",male,27.0,0,0,220367,13.0,S,,,1,0.0,0.15667311411992263
223,0.0,3,"Green, Mr. George Henry",male,51.0,0,0,21440,8.05,S,,,1,0.0,0.15667311411992263
224,0.0,3,"Nenkoff, Mr. Christo",male,27.57566261291504,0,0,349234,7.8958,S,,,1,0.0,0.15667311411992263
225,1.0,1,"Hoyt, Mr. Frederick Maxfield",male,38.0,1,0,19943,90.0,S,C,93,2,0.6666666666666666,0.15667311411992263
226,0.0,3,"Berglund, Mr. Karl Ivar Sven",male,22.0,0,0,PP 4348,9.35,S,,,1,0.0,0.15667311411992263
227,1.0,2,"Mellors, Mr. William John",male,19.0,0,0,SW/PP 751,10.5,S,,,1,1.0,0.15667311411992263
228,0.0,3,"Lovell, Mr. John Hall (""Henry"")",male,20.5,0,0,A/5 21173,7.25,S,,,1,0.0,0.15667311411992263
229,0.0,2,"Fahlstrom, Mr. Arne Jonas",male,18.0,0,0,236171,13.0,S,,,1,0.0,0.15667311411992263
230,0.0,3,"Lefebre, Miss. Mathilde",female,6.542771816253662,3,1,4133,25.4667,S,,,5,0.0,0.6978021978021978
231,1.0,1,"Harris, Mrs. Henry Birkhardt (Irene Wallach)",female,35.0,1,0,36973,83.475,S,C,83,2,0.5,0.792
232,0.0,3,"Larsson, Mr. Bengt Edvin",male,29.0,0,0,347067,7.775,S,,,1,0.0,0.15667311411992263
233,0.0,2,"Sjostedt, Mr. Ernst Adolf",male,59.0,0,0,237442,13.5,S,,,1,0.0,0.15667311411992263
234,1.0,3,"Asplund, Miss. Lillian Gertrud",female,5.0,4,2,347077,31.3875,S,,,7,0.75,0.6978021978021978
235,0.0,2,"Leyson, Mr. Robert William Norman",male,24.0,0,0,C.A. 29566,10.5,S,,,1,0.0,0.15667311411992263
236,0.0,3,"Harknett, Miss. Alice Phoebe",female,23.611698150634766,0,0,W./C. 6609,7.55,S,,,1,0.0,0.6978021978021978
237,0.0,2,"Hold, Mr. Stephen",male,44.0,1,0,26707,26.0,S,,,2,0.0,0.15667311411992263
238,1.0,2,"Collyer, Miss. Marjorie ""Lottie""",female,8.0,0,2,C.A. 31921,26.25,S,,,3,0.6666666666666666,0.6978021978021978
239,0.0,2,"Pengelly, Mr. Frederick William",male,19.0,0,0,28665,10.5,S,,,1,0.0,0.15667311411992263
240,0.0,2,"Hunt, Mr. George Henry",male,33.0,0,0,SCO/W 1585,12.275,S,,,1,0.0,0.15667311411992263
241,0.0,3,"Zabour, Miss. Thamine",female,14.753632545471191,1,0,2665,14.4542,C,,,2,0.0,0.6978021978021978
242,1.0,3,"Murphy, Miss. Katherine ""Kate""",female,19.378814697265625,1,0,367230,15.5,Q,,,2,1.0,0.6978021978021978
243,0.0,2,"Coleridge, Mr. Reginald Charles",male,29.0,0,0,W./C. 14263,10.5,S,,,1,0.0,0.15667311411992263
244,0.0,3,"Maenpaa, Mr. Matti Alexanteri",male,22.0,0,0,STON/O 2. 3101275,7.125,S,,,1,0.0,0.15667311411992263
245,0.0,3,"Attalah, Mr. Sleiman",male,30.0,0,0,2694,7.225,C,,,1,0.0,0.15667311411992263
246,0.0,1,"Minahan, Dr. William Edward",male,44.0,2,0,19928,90.0,Q,C,78,3,0.5,0.42857142857142855
247,0.0,3,"Lindahl, Miss. Agda Thorilda Viktoria",female,25.0,0,0,347071,7.775,S,,,1,0.0,0.6978021978021978
248,1.0,2,"Hamalainen, Mrs. William (Anna)",female,24.0,0,2,250649,14.5,S,,,3,1.0,0.792
249,1.0,1,"Beckwith, Mr. Richard Leonard",male,37.0,1,1,11751,52.5542,S,D,35,3,1.0,0.15667311411992263
250,0.0,2,"Carter, Rev. Ernest Courtenay",male,54.0,1,0,244252,26.0,S,,,2,0.6666666666666666,0.0
251,0.0,3,"Reed, Mr. James George",male,30.400724411010742,0,0,362316,7.25,S,,,1,0.0,0.15667311411992263
252,0.0,3,"Strom, Mrs. Wilhelm (Elna Matilda Persson)",female,29.0,1,1,347054,10.4625,S,G,6,3,0.0,0.792
253,0.0,1,"Stead, Mr. William Thomas",male,62.0,0,0,113514,26.55,S,C,87,1,0.0,0.15667311411992263
254,0.0,3,"Lobb, Mr. William Arthur",male,30.0,1,0,A/5. 3336,16.1,S,,,2,0.0,0.15667311411992263
255,0.0,3,"Rosblom, Mrs. Viktor (Helena Wilhelmina)",female,41.0,0,2,370129,20.2125,S,,,3,0.0,0.792
256,1.0,3,"Touma, Mrs. Darwis (Hanne Youssef Razi)",female,29.0,0,2,2650,15.2458,C,,,3,1.0,0.792
257,1.0,1,"Thorne, Mrs. Gertrude Maybelle",female,51.98419952392578,0,0,PC 17585,79.2,C,,,1,1.0,0.792
258,1.0,1,"Cherry, Miss. Gladys",female,30.0,0,0,110152,86.5,S,B,77,1,1.0,0.6978021978021978
259,1.0,1,"Ward, Miss. Anna",female,35.0,0,0,PC 17755,512.3292,C,,,1,1.0,0.6978021978021978
260,1.0,2,"Parrish, Mrs. (Lutie Davis)",female,50.0,0,1,230433,26.0,S,,,2,1.0,0.792
261,0.0,3,"Smith, Mr. Thomas",male,39.47279739379883,0,0,384461,7.75,Q,,,1,0.25,0.15667311411992263
262,1.0,3,"Asplund, Master. Edvin Rojj Felix",male,3.0,4,2,347077,31.3875,S,,,7,0.75,0.575
263,0.0,1,"Taussig, Mr. Emil",male,52.0,1,1,110413,79.65,S,E,67,3,0.6666666666666666,0.15667311411992263
264,0.0,1,"Harrison, Mr. William",male,40.0,0,0,112059,0.0,S,B,94,1,0.0,0.15667311411992263
265,0.0,3,"Henry, Miss. Delia",female,26.86119842529297,0,0,382649,7.75,Q,,,1,0.0,0.6978021978021978
266,0.0,2,"Reeves, Mr. David",male,36.0,0,0,C.A. 17248,10.5,S,,,1,0.0,0.15667311411992263
267,0.0,3,"Panula, Mr. Ernesti Arvid",male,16.0,4,1,3101295,39.6875,S,,,6,0.0,0.15667311411992263
268,1.0,3,"Persson, Mr. Ernst Ulrik",male,25.0,1,0,347083,7.775,S,,,2,1.0,0.15667311411992263
269,1.0,1,"Graham, Mrs. William Thompson (Edith Junkins)",female,58.0,0,1,PC 17582,153.4625,S,C,125,2,0.6666666666666666,0.792
270,1.0,1,"Bissette, Miss. Amelia",female,35.0,0,0,PC 17760,135.6333,S,C,99,1,1.0,0.6978021978021978
271,0.0,1,"Cairns, Mr. Alexander",male,46.936676025390625,0,0,113798,31.0,S,,,1,0.0,0.15667311411992263
272,1.0,3,"Tornquist, Mr. William Henry",male,25.0,0,0,LINE,0.0,S,,,1,1.0,0.15667311411992263
273,1.0,2,"Mellinger, Mrs. (Elizabeth Anne Maidment)",female,41.0,0,1,250644,19.5,S,,,2,1.0,0.792
274,0.0,1,"Natsch, Mr. Charles H",male,37.0,0,1,PC 17596,29.7,C,C,118,2,0.0,0.15667311411992263
275,1.0,3,"Healy, Miss. Hanora ""Nora""",female,26.86119842529297,0,0,370375,7.75,Q,,,1,1.0,0.6978021978021978
276,1.0,1,"Andrews, Miss. Kornelia Theodosia",female,63.0,1,0,13502,77.9583,S,D,7,2,0.5,0.6978021978021978
277,0.0,3,"Lindblom, Miss. Augusta Charlotta",female,45.0,0,0,347073,7.75,S,,,1,0.0,0.6978021978021978
278,0.0,2,"Parkes, Mr. Francis ""Frank""",male,35.6481819152832,0,0,239853,0.0,S,,,1,0.0,0.15667311411992263
279,0.0,3,"Rice, Master. Eric",male,7.0,4,1,382652,29.125,Q,,,6,0.0,0.575
280,1.0,3,"Abbott, Mrs. Stanton (Rosa Hunt)",female,35.0,1,1,C.A. 2673,20.25,S,,,3,0.5,0.792
281,0.0,3,"Duane, Mr. Frank",male,65.0,0,0,336439,7.75,Q,,,1,0.0,0.15667311411992263
282,0.0,3,"Olsson, Mr. Nils Johan Goransson",male,28.0,0,0,347464,7.8542,S,,,1,0.0,0.15667311411992263
283,0.0,3,"de Pelsmaeker, Mr. Alfons",male,16.0,0,0,345778,9.5,S,,,1,0.0,0.15667311411992263
284,1.0,3,"Dorking, Mr. Edward Arthur",male,19.0,0,0,A/5. 10482,8.05,S,,,1,1.0,0.15667311411992263
285,0.0,1,"Smith, Mr. Richard William",male,44.517356872558594,0,0,113056,26.0,S,A,19,1,0.25,0.15667311411992263
286,0.0,3,"Stankovic, Mr. Ivan",male,33.0,0,0,349239,8.6625,C,,,1,0.0,0.15667311411992263
287,1.0,3,"de Mulder, Mr. Theodore",male,30.0,0,0,345774,9.5,S,,,1,1.0,0.15667311411992263
288,0.0,3,"Naidenoff, Mr. Penko",male,22.0,0,0,349206,7.8958,S,,,1,0.0,0.15667311411992263
289,1.0,2,"Hosono, Mr. Masabumi",male,42.0,0,0,237798,13.0,S,,,1,1.0,0.15667311411992263
290,1.0,3,"Connolly, Miss. Kate",female,22.0,0,0,370373,7.75,Q,,,1,1.0,0.6978021978021978
291,1.0,1,"Barber, Miss. Ellen ""Nellie""",female,26.0,0,0,19877,78.85,S,,,1,1.0,0.6978021978021978
292,1.0,1,"Bishop, Mrs. Dickinson H (Helen Walton)",female,19.0,1,0,11967,91.0792,C,B,49,2,1.0,0.792
293,0.0,2,"Levy, Mr. Rene Jacques",male,36.0,0,0,SC/Paris 2163,12.875,C,D,,1,0.0,0.15667311411992263
294,0.0,3,"Haas, Miss. Aloisia",female,24.0,0,0,349236,8.85,S,,,1,0.0,0.6978021978021978
295,0.0,3,"Mineff, Mr. Ivan",male,24.0,0,0,349233,7.8958,S,,,1,0.0,0.15667311411992263
296,0.0,1,"Lewy, Mr. Ervin G",male,38.033966064453125,0,0,PC 17612,27.7208,C,,,1,0.0,0.15667311411992263
297,0.0,3,"Hanna, Mr. Mansour",male,23.5,0,0,2693,7.2292,C,,,1,0.0,0.15667311411992263
298,0.0,1,"Allison, Miss. Helen Loraine",female,2.0,1,2,113781,151.55,S,C,,4,0.3333333333333333,0.6978021978021978
299,1.0,1,"Saalfeld, Mr. Adolphe",male,45.71221160888672,0,0,19988,30.5,S,C,106,1,1.0,0.15667311411992263
300,1.0,1,"Baxter, Mrs. James (Helene DeLaudeniere Chaput)",female,50.0,0,1,PC 17558,247.5208,C,B,,2,0.5,0.792
301,1.0,3,"Kelly, Miss. Anna Katherine ""Annie Kate""",female,26.86119842529297,0,0,9234,7.75,Q,,,1,0.75,0.6978021978021978
302,1.0,3,"McCoy, Mr. Bernard",male,28.63453483581543,2,0,367226,23.25,Q,,,3,1.0,0.15667311411992263
303,0.0,3,"Johnson, Mr. William Cahoone Jr",male,19.0,0,0,LINE,0.0,S,,,1,0.5,0.15667311411992263
304,1.0,2,"Keane, Miss. Nora A",female,29.771116256713867,0,0,226593,12.35,Q,E,101,1,0.5,0.6978021978021978
305,0.0,3,"Williams, Mr. Howard Hugh ""Harry""",male,29.197708129882812,0,0,A/5 2466,8.05,S,,,1,0.25,0.15667311411992263
306,1.0,1,"Allison, Master. Hudson Trevor",male,0.92,1,2,113781,151.55,S,C,,4,0.3333333333333333,0.575
307,1.0,1,"Fleming, Miss. Margaret",female,27.357202529907227,0,0,17421,110.8833,C,,,1,1.0,0.6978021978021978
308,1.0,1,"Penasco y Castellana, Mrs. Victor de Satode (Maria Josefa Perez de Soto y Vallejo)",female,17.0,1,0,PC 17758,108.9,C,C,65,2,0.5,0.792
309,0.0,2,"Abelson, Mr. Samuel",male,30.0,1,0,P/PP 3381,24.0,C,,,2,0.5,0.15667311411992263
310,1.0,1,"Francatelli, Miss. Laura Mabel",female,30.0,0,0,PC 17485,56.9292,C,E,36,1,1.0,0.6978021978021978
311,1.0,1,"Hays, Miss. Margaret Bechstein",female,24.0,0,0,11767,83.1583,C,C,54,1,1.0,0.6978021978021978
312,1.0,1,"Ryerson, Miss. Emily Borie",female,18.0,2,2,PC 17608,262.375,C,B,,5,1.0,0.6978021978021978
313,0.0,2,"Lahtinen, Mrs. William (Anna Sylfven)",female,26.0,1,1,250651,26.0,S,,,3,0.0,0.792
314,0.0,3,"Hendekovic, Mr. Ignjac",male,28.0,0,0,349243,7.8958,S,,,1,0.0,0.15667311411992263
315,0.0,2,"Hart, Mr. Benjamin",male,43.0,1,1,F.C.C. 13529,26.25,S,,,3,0.5,0.15667311411992263
316,1.0,3,"Nilsson, Miss. Helmina Josefina",female,26.0,0,0,347470,7.8542,S,,,1,1.0,0.6978021978021978
317,1.0,2,"Kantor, Mrs. Sinai (Miriam Sternin)",female,24.0,1,0,244367,26.0,S,,,2,0.5,0.792
318,0.0,2,"Moraweck, Dr. Ernest",male,54.0,0,0,29011,14.0,S,,,1,0.0,0.42857142857142855
319,1.0,1,"Wick, Miss. Mary Natalie",female,31.0,0,2,36928,164.8667,S,C,7,3,1.0,0.6978021978021978
320,1.0,1,"Spedden, Mrs. Frederic Oakley (Margaretta Corning Stone)",female,40.0,1,1,16966,134.5,C,E,34,3,1.0,0.792
321,0.0,3,"Dennis, Mr. Samuel",male,22.0,0,0,A/5 21172,7.25,S,,,1,0.0,0.15667311411992263
322,0.0,3,"Danoff, Mr. Yoto",male,27.0,0,0,349219,7.8958,S,,,1,0.0,0.15667311411992263
323,1.0,2,"Slayter, Miss. Hilda Mary",female,30.0,0,0,234818,12.35,Q,,,1,1.0,0.6978021978021978
324,1.0,2,"Caldwell, Mrs. Albert Francis (Sylvia Mae Harbaugh)",female,22.0,1,1,248738,29.0,S,,,3,1.0,0.792
325,0.0,3,"Sage, Mr. George John Jr",male,20.65947914123535,8,2,CA. 2343,69.55,S,,,11,0.0,0.15667311411992263
326,1.0,1,"Young, Miss. Marie Grice",female,36.0,0,0,PC 17760,135.6333,C,C,32,1,1.0,0.6978021978021978
327,0.0,3,"Nysveen, Mr. Johan Hansen",male,61.0,0,0,345364,6.2375,S,,,1,0.0,0.15667311411992263
328,1.0,2,"Ball, Mrs. (Ada E Hall)",female,36.0,0,0,28551,13.0,S,D,,1,1.0,0.792
329,1.0,3,"Goldsmith, Mrs. Frank John (Emily Alice Brown)",female,31.0,1,1,363291,20.525,S,,,3,0.6666666666666666,0.792
330,1.0,1,"Hippach, Miss. Jean Gertrude",female,16.0,0,1,111361,57.9792,C,B,18,2,1.0,0.6978021978021978
331,1.0,3,"McCoy, Miss. Agnes",female,19.433195114135742,2,0,367226,23.25,Q,,,3,1.0,0.6978021978021978
332,0.0,1,"Partner, Mr. Austen",male,45.5,0,0,113043,28.5,S,C,124,1,0.0,0.15667311411992263
333,0.0,1,"Graham, Mr. George Edward",male,38.0,0,1,PC 17582,153.4625,S,C,91,2,0.6666666666666666,0.15667311411992263
334,0.0,3,"Vander Planke, Mr. Leo Edmondus",male,16.0,2,0,345764,18.0,S,,,3,0.0,0.15667311411992263
335,1.0,1,"Frauenthal, Mrs. Henry William (Clara Heinsheimer)",female,32.22026062011719,1,0,PC 17611,133.65,S,,,2,1.0,0.792
336,0.0,3,"Denkoff, Mr. Mitto",male,27.57566261291504,0,0,349225,7.8958,S,,,1,0.0,0.15667311411992263
337,0.0,1,"Pears, Mr. Thomas Clinton",male,29.0,1,0,113776,66.6,S,C,2,2,0.5,0.15667311411992263
338,1.0,1,"Burns, Miss. Elizabeth Margaret",female,41.0,0,0,16966,134.5,C,E,40,1,1.0,0.6978021978021978
339,1.0,3,"Dahl, Mr. Karl Edwart",male,45.0,0,0,7598,8.05,S,,,1,1.0,0.15667311411992263
340,0.0,1,"Blackwell, Mr. Stephen Weart",male,45.0,0,0,113784,35.5,S,T,,1,0.0,0.15667311411992263
341,1.0,2,"Navratil, Master. Edmond Roger",male,2.0,1,1,230080,26.0,S,F,2,3,0.6666666666666666,0.575
342,1.0,1,"Fortune, Miss. Alice Elizabeth",female,24.0,3,2,19950,263.0,S,C,,6,0.5,0.6978021978021978
343,0.0,2,"Collander, Mr. Erik Gustaf",male,28.0,0,0,248740,13.0,S,,,1,0.0,0.15667311411992263
344,0.0,2,"Sedgwick, Mr. Charles Frederick Waddington",male,25.0,0,0,244361,13.0,S,,,1,0.0,0.15667311411992263
345,0.0,2,"Fox, Mr. Stanley Hubert",male,36.0,0,0,229236,13.0,S,,,1,0.0,0.15667311411992263
346,1.0,2,"Brown, Miss. Amelia ""Mildred""",female,24.0,0,0,248733,13.0,S,F,33,1,0.75,0.6978021978021978
347,1.0,2,"Smith, Miss. Marion Elsie",female,40.0,0,0,31418,13.0,S,,,1,0.25,0.6978021978021978
348,1.0,3,"Davison, Mrs. Thomas Henry (Mary E Finck)",female,28.12424087524414,1,0,386525,16.1,S,,,2,1.0,0.792
349,1.0,3,"Coutts, Master. William Loch ""William""",male,3.0,1,1,C.A. 37671,15.9,S,,,3,1.0,0.575
350,0.0,3,"Dimic, Mr. Jovan",male,42.0,0,0,315088,8.6625,S,,,1,0.0,0.15667311411992263
351,0.0,3,"Odahl, Mr. Nils Martin",male,23.0,0,0,7267,9.225,S,,,1,0.0,0.15667311411992263
352,0.0,1,"Williams-Lambert, Mr. Fletcher Fellows",male,55.61221694946289,0,0,113510,35.0,S,C,128,1,0.0,0.15667311411992263
353,0.0,3,"Elias, Mr. Tannous",male,15.0,1,1,2695,7.2292,C,,,3,0.0,0.15667311411992263
354,0.0,3,"Arnold-Franchi, Mr. Josef",male,25.0,1,0,349237,17.8,S,,,2,0.0,0.15667311411992263
355,0.0,3,"Yousif, Mr. Wazli",male,27.527851104736328,0,0,2647,7.225,C,,,1,0.0,0.15667311411992263
356,0.0,3,"Vanden Steen, Mr. Leo Peter",male,28.0,0,0,345783,9.5,S,,,1,0.0,0.15667311411992263
357,1.0,1,"Bowerman, Miss. Elsie Edith",female,22.0,0,1,113505,55.0,S,E,33,2,1.0,0.6978021978021978
358,0.0,2,"Funk, Miss. Annie Clemmer",female,38.0,0,0,237671,13.0,S,,,1,0.0,0.6978021978021978
359,1.0,3,"McGovern, Miss. Mary",female,21.77376365661621,0,0,330931,7.8792,Q,,,1,1.0,0.6978021978021978
360,1.0,3,"Mockler, Miss. Helen Mary ""Ellie""",female,21.77376365661621,0,0,330980,7.8792,Q,,,1,1.0,0.6978021978021978
361,0.0,3,"Skoog, Mr. Wilhelm",male,40.0,1,4,347088,27.9,S,,,6,0.0,0.15667311411992263
362,0.0,2,"del Carlo, Mr. Sebastiano",male,29.0,1,0,SC/PARIS 2167,27.7208,C,,,2,0.0,0.15667311411992263
363,0.0,3,"Barbara, Mrs. (Catherine David)",female,45.0,0,1,2691,14.4542,C,,,2,0.0,0.792
364,0.0,3,"Asim, Mr. Adola",male,35.0,0,0,SOTON/O.Q. 3101310,7.05,S,,,1,0.0,0.15667311411992263
365,0.0,3,"O'Brien, Mr. Thomas",male,38.67435073852539,1,0,370365,15.5,Q,,,2,0.3333333333333333,0.15667311411992263
366,0.0,3,"Adahl, Mr. Mauritz Nils Martin",male,30.0,0,0,C 7076,7.25,S,,,1,0.0,0.15667311411992263
367,1.0,1,"Warren, Mrs. Frank Manley (Anna Sophia Atkinson)",female,60.0,1,0,110813,75.25,C,D,37,2,1.0,0.792
368,1.0,3,"Moussa, Mrs. (Mantoura Boulos)",female,32.02360916137695,0,0,2626,7.2292,C,,,1,1.0,0.792
369,1.0,3,"Jermyn, Miss. Annie",female,26.86119842529297,0,0,14313,7.75,Q,,,1,1.0,0.6978021978021978
370,1.0,1,"Aubart, Mme. Leontine Pauline",female,24.0,0,0,PC 17477,69.3,C,B,35,1,1.0,1.0
371,1.0,1,"Harder, Mr. George Achilles",male,25.0,1,0,11765,55.4417,C,E,50,2,1.0,0.15667311411992263
372,0.0,3,"Wiklund, Mr. Jakob Alfred",male,18.0,1,0,3101267,6.4958,S,,,2,0.0,0.15667311411992263
373,0.0,3,"Beavan, Mr. William Thomas",male,19.0,0,0,323951,8.05,S,,,1,0.0,0.15667311411992263
374,0.0,1,"Ringhini, Mr. Sante",male,22.0,0,0,PC 17760,135.6333,C,,,1,0.0,0.15667311411992263
375,0.0,3,"Palsson, Miss. Stina Viola",female,3.0,3,1,349909,21.075,S,,,5,0.0,0.6978021978021978
376,1.0,1,"Meyer, Mrs. Edgar Joseph (Leila Saks)",female,27.869190216064453,1,0,PC 17604,82.1708,C,,,2,0.3333333333333333,0.792
377,1.0,3,"Landergren, Miss. Aurora Adelia",female,22.0,0,0,C 7077,7.25,S,,,1,1.0,0.6978021978021978
378,0.0,1,"Widener, Mr. Harry Elkins",male,27.0,0,2,113503,211.5,C,C,82,3,0.0,0.15667311411992263
379,0.0,3,"Betros, Mr. Tannous",male,20.0,0,0,2648,4.0125,C,,,1,0.0,0.15667311411992263
380,0.0,3,"Gustafsson, Mr. Karl Gideon",male,19.0,0,0,347069,7.775,S,,,1,0.0,0.15667311411992263
381,1.0,1,"Bidois, Miss. Rosalie",female,42.0,0,0,PC 17757,227.525,C,,,1,1.0,0.6978021978021978
382,1.0,3,"Nakid, Miss. Maria (""Mary"")",female,1.0,0,2,2653,15.7417,C,,,3,1.0,0.6978021978021978
383,0.0,3,"Tikkanen, Mr. Juho",male,32.0,0,0,STON/O 2. 3101293,7.925,S,,,1,0.0,0.15667311411992263
384,1.0,1,"Holverson, Mrs. Alexander Oskar (Mary Aline Towner)",female,35.0,1,0,113789,52.0,S,,,2,0.5,0.792
385,0.0,3,"Plotcharsky, Mr. Vasil",male,27.57566261291504,0,0,349227,7.8958,S,,,1,0.0,0.15667311411992263
386,0.0,2,"Davies, Mr. Charles Henry",male,18.0,0,0,S.O.C. 14879,73.5,S,,,1,0.3333333333333333,0.15667311411992263
387,0.0,3,"Goodwin, Master. Sidney Leonard",male,1.0,5,2,CA 2144,46.9,S,,,8,0.0,0.575
388,1.0,2,"Buss, Miss. Kate",female,36.0,0,0,27849,13.0,S,,,1,1.0,0.6978021978021978
389,0.0,3,"Sadlier, Mr. Matthew",male,28.589954376220703,0,0,367655,7.7292,Q,,,1,0.0,0.15667311411992263
390,1.0,2,"Lehmann, Miss. Bertha",female,17.0,0,0,SC 1748,12.0,C,,,1,1.0,0.6978021978021978
391,1.0,1,"Carter, Mr. William Ernest",male,36.0,1,2,113760,120.0,S,B,,4,0.6666666666666666,0.15667311411992263
392,1.0,3,"Jansson, Mr. Carl Olof",male,21.0,0,0,350034,7.7958,S,,,1,1.0,0.15667311411992263
393,0.0,3,"Gustafsson, Mr. Johan Birger",male,28.0,2,0,3101277,7.925,S,,,3,0.0,0.15667311411992263
394,1.0,1,"Newell, Miss. Marjorie",female,23.0,1,0,35273,113.275,C,D,36,2,0.6666666666666666,0.6978021978021978
395,1.0,3,"Sandstrom, Mrs. Hjalmar (Agnes Charlotta Bengtsson)",female,24.0,0,2,PP 9549,16.7,S,G,6,3,1.0,0.792
396,0.0,3,"Johansson, Mr. Erik",male,22.0,0,0,350052,7.7958,S,,,1,0.0,0.15667311411992263
397,0.0,3,"Olsson, Miss. Elina",female,31.0,0,0,350407,7.8542,S,,,1,0.0,0.6978021978021978
398,0.0,2,"McKane, Mr. Peter David",male,46.0,0,0,28403,26.0,S,,,1,0.0,0.15667311411992263
399,0.0,2,"Pain, Dr. Alfred",male,23.0,0,0,244278,10.5,S,,,1,0.0,0.42857142857142855
400,1.0,2,"Trout, Mrs. William H (Jessie L)",female,28.0,0,0,240929,12.65,S,,,1,1.0,0.792
401,1.0,3,"Niskanen, Mr. Juha",male,39.0,0,0,STON/O 2. 3101289,7.925,S,,,1,1.0,0.15667311411992263
402,0.0,3,"Adams, Mr. John",male,26.0,0,0,341826,8.05,S,,,1,0.0,0.15667311411992263
403,0.0,3,"Jussila, Miss. Mari Aina",female,21.0,1,0,4137,9.825,S,,,2,0.3333333333333333,0.6978021978021978
404,0.0,3,"Hakkarainen, Mr. Pekka Pietari",male,28.0,1,0,STON/O2. 3101279,15.85,S,,,2,0.5,0.15667311411992263
405,0.0,3,"Oreskovic, Miss. Marija",female,20.0,0,0,315096,8.6625,S,,,1,0.0,0.6978021978021978
406,0.0,2,"Gale, Mr. Shadrach",male,34.0,1,0,28664,21.0,S,,,2,0.0,0.15667311411992263
407,0.0,3,"Widegren, Mr. Carl/Charles Peter",male,51.0,0,0,347064,7.75,S,,,1,0.0,0.15667311411992263
408,1.0,2,"Richards, Master. William Rowe",male,3.0,1,1,29106,18.75,S,,,3,1.0,0.575
409,0.0,3,"Birkeland, Mr. Hans Martin Monsen",male,21.0,0,0,312992,7.775,S,,,1,0.0,0.15667311411992263
410,0.0,3,"Lefebre, Miss. Ida",female,6.542771816253662,3,1,4133,25.4667,S,,,5,0.0,0.6978021978021978
411,0.0,3,"Sdycoff, Mr. Todor",male,27.57566261291504,0,0,349222,7.8958,S,,,1,0.0,0.15667311411992263
412,0.0,3,"Hart, Mr. Henry",male,23.815519332885742,0,0,394140,6.8583,Q,,,1,0.5,0.15667311411992263
413,1.0,1,"Minahan, Miss. Daisy E",female,33.0,1,0,19928,90.0,Q,C,78,2,0.5,0.6978021978021978
414,0.0,2,"Cunningham, Mr. Alfred Fleming",male,35.6481819152832,0,0,239853,0.0,S,,,1,0.0,0.15667311411992263
415,1.0,3,"Sundman, Mr. Johan Julian",male,44.0,0,0,STON/O 2. 3101269,7.925,S,,,1,1.0,0.15667311411992263
416,0.0,3,"Meek, Mrs. Thomas (Annie Louise Rowley)",female,36.056678771972656,0,0,343095,8.05,S,,,1,0.0,0.792
417,1.0,2,"Drew, Mrs. James Vivian (Lulu Thorne Christian)",female,34.0,1,1,28220,32.5,S,,,3,1.0,0.792
418,1.0,2,"Silven, Miss. Lyyli Karoliina",female,18.0,0,2,250652,13.0,S,,,3,1.0,0.6978021978021978
419,0.0,2,"Matthews, Mr. William John",male,30.0,0,0,28228,13.0,S,,,1,0.0,0.15667311411992263
420,0.0,3,"Van Impe, Miss. Catharina",female,10.0,0,2,345773,24.15,S,,,3,0.0,0.6978021978021978
421,0.0,3,"Gheorgheff, Mr. Stanio",male,29.274730682373047,0,0,349254,7.8958,C,,,1,0.0,0.15667311411992263
422,0.0,3,"Charters, Mr. David",male,21.0,0,0,A/5. 13032,7.7333,Q,,,1,0.0,0.15667311411992263
423,0.0,3,"Zimmerman, Mr. Leo",male,29.0,0,0,315082,7.875,S,,,1,0.0,0.15667311411992263
424,0.0,3,"Danbom, Mrs. Ernst Gilbert (Anna Sigrid Maria Brogren)",female,28.0,1,1,347080,14.4,S,,,3,0.0,0.792
425,0.0,3,"Rosblom, Mr. Viktor Richard",male,18.0,1,1,370129,20.2125,S,,,3,0.0,0.15667311411992263
426,0.0,3,"Wiseman, Mr. Phillippe",male,30.400724411010742,0,0,A/4. 34244,7.25,S,,,1,0.0,0.15667311411992263
427,1.0,2,"Clarke, Mrs. Charles V (Ada Maria Winfield)",female,28.0,1,0,2003,26.0,S,,,2,1.0,0.792
428,1.0,2,"Phillips, Miss. Kate Florence (""Mrs Kate Louise Phillips Marshall"")",female,19.0,0,0,250655,26.0,S,,,1,1.0,0.6978021978021978
429,0.0,3,"Flynn, Mr. James",male,39.47279739379883,0,0,364851,7.75,Q,,,1,0.3333333333333333,0.15667311411992263
430,1.0,3,"Pickard, Mr. Berk (Berk Trembisky)",male,32.0,0,0,SOTON/O.Q. 392078,8.05,S,E,10,1,1.0,0.15667311411992263
431,1.0,1,"Bjornstrom-Steffansson, Mr. Mauritz Hakan",male,28.0,0,0,110564,26.55,S,C,52,1,1.0,0.15667311411992263
432,1.0,3,"Thorneycroft, Mrs. Percival (Florence Kate White)",female,28.12424087524414,1,0,376564,16.1,S,,,2,0.5,0.792
433,1.0,2,"Louch, Mrs. Charles Alexander (Alice Adelaide Slow)",female,42.0,1,0,SC/AH 3085,26.0,S,,,2,1.0,0.792
434,0.0,3,"Kallio, Mr. Nikolai Erland",male,17.0,0,0,STON/O 2. 3101274,7.125,S,,,1,0.0,0.15667311411992263
435,0.0,1,"Silvey, Mr. William Baird",male,50.0,1,0,13507,55.9,S,E,44,2,0.5,0.15667311411992263
436,1.0,1,"Carter, Miss. Lucile Polk",female,14.0,1,2,113760,120.0,S,B,,4,0.6666666666666666,0.6978021978021978
437,0.0,3,"Ford, Miss. Doolina Margaret ""Daisy""",female,21.0,2,2,W./C. 6608,34.375,S,,,5,0.0,0.6978021978021978
438,1.0,2,"Richards, Mrs. Sidney (Emily Hocking)",female,24.0,2,3,29106,18.75,S,,,6,1.0,0.792
439,0.0,1,"Fortune, Mr. Mark",male,64.0,1,4,19950,263.0,S,C,,6,0.5,0.15667311411992263
440,0.0,2,"Kvillner, Mr. Johan Henrik Johannesson",male,31.0,0,0,C.A. 18723,10.5,S,,,1,0.0,0.15667311411992263
441,1.0,2,"Hart, Mrs. Benjamin (Esther Ada Bloomfield)",female,45.0,1,1,F.C.C. 13529,26.25,S,,,3,0.5,0.792
442,0.0,3,"Hampe, Mr. Leon",male,20.0,0,0,345769,9.5,S,,,1,0.0,0.15667311411992263
443,0.0,3,"Petterson, Mr. Johan Emil",male,25.0,1,0,347076,7.775,S,,,2,0.0,0.15667311411992263
444,1.0,2,"Reynaldo, Ms. Encarnacion",female,28.0,0,0,230434,13.0,S,,,1,1.0,1.0
445,1.0,3,"Johannesen-Bratthammer, Mr. Bernt",male,29.197708129882812,0,0,65306,8.1125,S,,,1,1.0,0.15667311411992263
446,1.0,1,"Dodge, Master. Washington",male,4.0,0,2,33638,81.8583,S,A,34,3,1.0,0.575
447,1.0,2,"Mellinger, Miss. Madeleine Violet",female,13.0,0,1,250644,19.5,S,,,2,1.0,0.6978021978021978
448,1.0,1,"Seward, Mr. Frederic Kimber",male,34.0,0,0,113794,26.55,S,,,1,1.0,0.15667311411992263
449,1.0,3,"Baclini, Miss. Marie Catherine",female,5.0,2,1,2666,19.2583,C,,,4,1.0,0.6978021978021978
450,1.0,1,"Peuchen, Major. Arthur Godfrey",male,52.0,0,0,113786,30.5,S,C,104,1,1.0,0.5
451,0.0,2,"West, Mr. Edwy Arthur",male,36.0,1,2,C.A. 34651,27.75,S,,,4,0.6666666666666666,0.15667311411992263
452,0.0,3,"Hagland, Mr. Ingvald Olai Olsen",male,27.213172912597656,1,0,65303,19.9667,S,,,2,0.0,0.15667311411992263
453,0.0,1,"Foreman, Mr. Benjamin Laventall",male,30.0,0,0,113051,27.75,C,C,111,1,0.0,0.15667311411992263
454,1.0,1,"Goldenberg, Mr. Samuel L",male,49.0,1,0,17453,89.1042,C,C,92,2,1.0,0.15667311411992263
455,0.0,3,"Peduzzi, Mr. Joseph",male,29.197708129882812,0,0,A/5 2817,8.05,S,,,1,0.0,0.15667311411992263
456,1.0,3,"Jalsevac, Mr. Ivan",male,29.0,0,0,349240,7.8958,C,,,1,1.0,0.15667311411992263
457,0.0,1,"Millet, Mr. Francis Davis",male,65.0,0,0,13509,26.55,S,E,38,1,0.0,0.15667311411992263
458,1.0,1,"Kenyon, Mrs. Frederick R (Marion)",female,42.373634338378906,1,0,17464,51.8625,S,D,21,2,1.0,0.792
459,1.0,2,"Toomey, Miss. Ellen",female,50.0,0,0,F.C.C. 13531,10.5,S,,,1,1.0,0.6978021978021978
460,0.0,3,"O'Connor, Mr. Maurice",male,39.47279739379883,0,0,371060,7.75,Q,,,1,0.0,0.15667311411992263
461,1.0,1,"Anderson, Mr. Harry",male,48.0,0,0,19952,26.55,S,E,12,1,1.0,0.15667311411992263
462,0.0,3,"Morley, Mr. William",male,34.0,0,0,364506,8.05,S,,,1,0.0,0.15667311411992263
463,0.0,1,"Gee, Mr. Arthur H",male,47.0,0,0,111320,38.5,S,E,63,1,0.0,0.15667311411992263
464,0.0,2,"Milling, Mr. Jacob Christian",male,48.0,0,0,234360,13.0,S,,,1,0.0,0.15667311411992263
465,0.0,3,"Maisner, Mr. Simon",male,29.197708129882812,0,0,A/S 2816,8.05,S,,,1,0.0,0.15667311411992263
466,0.0,3,"Goncalves, Mr. Manuel Estanslas",male,38.0,0,0,SOTON/O.Q. 3101306,7.05,S,,,1,0.0,0.15667311411992263
467,0.0,2,"Campbell, Mr. William",male,35.6481819152832,0,0,239853,0.0,S,,,1,0.0,0.15667311411992263
468,0.0,1,"Smart, Mr. John Montgomery",male,56.0,0,0,113792,26.55,S,,,1,0.0,0.15667311411992263
469,0.0,3,"Scanlan, Mr. James",male,28.589954376220703,0,0,36209,7.725,Q,,,1,0.0,0.15667311411992263
470,1.0,3,"Baclini, Miss. Helene Barbara",female,0.75,2,1,2666,19.2583,C,,,4,1.0,0.6978021978021978
471,0.0,3,"Keefe, Mr. Arthur",male,30.400724411010742,0,0,323592,7.25,S,,,1,0.0,0.15667311411992263
472,0.0,3,"Cacic, Mr. Luka",male,38.0,0,0,315089,8.6625,S,,,1,0.0,0.15667311411992263
473,1.0,2,"West, Mrs. Edwy Arthur (Ada Mary Worth)",female,33.0,1,2,C.A. 34651,27.75,S,,,4,0.6666666666666666,0.792
474,1.0,2,"Jerwan, Mrs. Amin S (Marie Marthe Thuillard)",female,23.0,0,0,SC/AH Basle 541,13.7917,C,D,,1,1.0,0.792
475,0.0,3,"Strandberg, Miss. Ida Sofia",female,22.0,0,0,7553,9.8375,S,,,1,0.0,0.6978021978021978
476,0.0,1,"Clifford, Mr. George Quincy",male,41.951847076416016,0,0,110465,52.0,S,A,14,1,0.0,0.15667311411992263
477,0.0,2,"Renouf, Mr. Peter Henry",male,34.0,1,0,31027,21.0,S,,,2,0.5,0.15667311411992263
478,0.0,3,"Braund, Mr. Lewis Richard",male,29.0,1,0,3460,7.0458,S,,,2,0.0,0.15667311411992263
479,0.0,3,"Karlsson, Mr. Nils August",male,22.0,0,0,350060,7.5208,S,,,1,0.0,0.15667311411992263
480,1.0,3,"Hirvonen, Miss. Hildur E",female,2.0,0,1,3101298,12.2875,S,,,2,1.0,0.6978021978021978
481,0.0,3,"Goodwin, Master. Harold Victor",male,9.0,5,2,CA 2144,46.9,S,,,8,0.0,0.575
482,0.0,2,"Frost, Mr. Anthony Wood ""Archie""",male,35.6481819152832,0,0,239854,0.0,S,,,1,0.0,0.15667311411992263
483,0.0,3,"Rouse, Mr. Richard Henry",male,50.0,0,0,A/5 3594,8.05,S,,,1,0.0,0.15667311411992263
484,1.0,3,"Turkula, Mrs. (Hedwig)",female,63.0,0,0,4134,9.5875,S,,,1,1.0,0.792
485,1.0,1,"Bishop, Mr. Dickinson H",male,25.0,1,0,11967,91.0792,C,B,49,2,1.0,0.15667311411992263
486,0.0,3,"Lefebre, Miss. Jeannie",female,6.542771816253662,3,1,4133,25.4667,S,,,5,0.0,0.6978021978021978
487,1.0,1,"Hoyt, Mrs. Frederick Maxfield (Jane Anne Forby)",female,35.0,1,0,19943,90.0,S,C,93,2,0.6666666666666666,0.792
488,0.0,1,"Kent, Mr. Edward Austin",male,58.0,0,0,11771,29.7,C,B,37,1,0.0,0.15667311411992263
489,0.0,3,"Somerton, Mr. Francis William",male,30.0,0,0,A.5. 18509,8.05,S,,,1,0.0,0.15667311411992263
490,1.0,3,"Coutts, Master. Eden Leslie ""Neville""",male,9.0,1,1,C.A. 37671,15.9,S,,,3,1.0,0.575
491,0.0,3,"Hagland, Mr. Konrad Mathias Reiersen",male,27.213172912597656,1,0,65304,19.9667,S,,,2,0.0,0.15667311411992263
492,0.0,3,"Windelov, Mr. Einar",male,21.0,0,0,SOTON/OQ 3101317,7.25,S,,,1,0.0,0.15667311411992263
493,0.0,1,"Molson, Mr. Harry Markland",male,55.0,0,0,113787,30.5,S,C,30,1,0.0,0.15667311411992263
494,0.0,1,"Artagaveytia, Mr. Ramon",male,71.0,0,0,PC 17609,49.5042,C,,,1,0.0,0.15667311411992263
495,0.0,3,"Stanley, Mr. Edward Roland",male,21.0,0,0,A/4 45380,8.05,S,,,1,0.5,0.15667311411992263
496,0.0,3,"Yousseff, Mr. Gerious",male,26.66317367553711,0,0,2627,14.4583,C,,,1,0.0,0.15667311411992263
497,1.0,1,"Eustis, Miss. Elizabeth Mussey",female,54.0,1,0,36947,78.2667,C,D,20,2,1.0,0.6978021978021978
498,0.0,3,"Shellard, Mr. Frederick William",male,35.5367546081543,0,0,C.A. 6212,15.1,S,,,1,0.0,0.15667311411992263
499,0.0,1,"Allison, Mrs. Hudson J C (Bessie Waldo Daniels)",female,25.0,1,2,113781,151.55,S,C,,4,0.3333333333333333,0.792
500,0.0,3,"Svensson, Mr. Olof",male,24.0,0,0,350035,7.7958,S,,,1,0.0,0.15667311411992263
501,0.0,3,"Calic, Mr. Petar",male,17.0,0,0,315086,8.6625,S,,,1,0.0,0.15667311411992263
502,0.0,3,"Canavan, Miss. Mary",female,21.0,0,0,364846,7.75,Q,,,1,0.0,0.6978021978021978
503,0.0,3,"O'Sullivan, Miss. Bridget Mary",female,22.975860595703125,0,0,330909,7.6292,Q,,,1,0.0,0.6978021978021978
504,0.0,3,"Laitinen, Miss. Kristina Sofia",female,37.0,0,0,4135,9.5875,S,,,1,0.0,0.6978021978021978
505,1.0,1,"Maioni, Miss. Roberta",female,16.0,0,0,110152,86.5,S,B,79,1,1.0,0.6978021978021978
506,0.0,1,"Penasco y Castellana, Mr. Victor de Satode",male,18.0,1,0,PC 17758,108.9,C,C,65,2,0.5,0.15667311411992263
507,1.0,2,"Quick, Mrs. Frederick Charles (Jane Richards)",female,33.0,0,2,26360,26.0,S,,,3,1.0,0.792
508,1.0,1,"Bradley, Mr. George (""George Arthur Brayton"")",male,46.37845230102539,0,0,111427,26.55,S,,,1,1.0,0.15667311411992263
509,0.0,3,"Olsen, Mr. Henry Margido",male,28.0,0,0,C 4001,22.525,S,,,1,0.0,0.15667311411992263
510,1.0,3,"Lang, Mr. Fang",male,26.0,0,0,1601,56.4958,S,,,1,1.0,0.15667311411992263
511,1.0,3,"Daly, Mr. Eugene Patrick",male,29.0,0,0,382651,7.75,Q,,,1,1.0,0.15667311411992263
512,0.0,3,"Webber, Mr. James",male,29.197708129882812,0,0,SOTON/OQ 3101316,8.05,S,,,1,0.5,0.15667311411992263
513,1.0,1,"McGough, Mr. James Robert",male,36.0,0,0,PC 17473,26.2875,S,E,25,1,1.0,0.15667311411992263
514,1.0,1,"Rothschild, Mrs. Martin (Elizabeth L. Barrett)",female,54.0,1,0,PC 17603,59.4,C,,,2,1.0,0.792
515,0.0,3,"Coleff, Mr. Satio",male,24.0,0,0,349209,7.4958,S,,,1,0.0,0.15667311411992263
516,0.0,1,"Walker, Mr. William Anderson",male,47.0,0,0,36967,34.0208,S,D,46,1,0.0,0.15667311411992263
517,1.0,2,"Lemore, Mrs. (Amelia Milley)",female,34.0,0,0,C.A. 34260,10.5,S,F,33,1,1.0,0.792
518,0.0,3,"Ryan, Mr. Patrick",male,34.126983642578125,0,0,371110,24.15,Q,,,1,0.0,0.15667311411992263
519,1.0,2,"Angle, Mrs. William A (Florence ""Mary"" Agnes Hughes)",female,36.0,1,0,226875,26.0,S,,,2,1.0,0.792
520,0.0,3,"Pavlovic, Mr. Stefo",male,32.0,0,0,349242,7.8958,S,,,1,0.0,0.15667311411992263
521,1.0,1,"Perreault, Miss. Anne",female,30.0,0,0,12749,93.5,S,B,73,1,1.0,0.6978021978021978
522,0.0,3,"Vovk, Mr. Janko",male,22.0,0,0,349252,7.8958,S,,,1,0.0,0.15667311411992263
523,0.0,3,"Lahoud, Mr. Sarkis",male,27.527851104736328,0,0,2624,7.225,C,,,1,0.0,0.15667311411992263
524,1.0,1,"Hippach, Mrs. Louis Albert (Ida Sophia Fischer)",female,44.0,0,1,111361,57.9792,C,B,18,2,1.0,0.792
525,0.0,3,"Kassem, Mr. Fared",male,24.616104125976562,0,0,2700,7.2292,C,,,1,0.0,0.15667311411992263
526,0.0,3,"Farrell, Mr. James",male,40.5,0,0,367232,7.75,Q,,,1,0.0,0.15667311411992263
527,1.0,2,"Ridsdale, Miss. Lucy",female,50.0,0,0,W./C. 14258,10.5,S,,,1,1.0,0.6978021978021978
528,0.0,1,"Farthing, Mr. John",male,47.36507797241211,0,0,PC 17483,221.7792,S,C,95,1,0.0,0.15667311411992263
529,0.0,3,"Salonen, Mr. Johan Werner",male,39.0,0,0,3101296,7.925,S,,,1,0.0,0.15667311411992263
530,0.0,2,"Hocking, Mr. Richard George",male,23.0,2,1,29104,11.5,S,,,4,0.5,0.15667311411992263
531,1.0,2,"Quick, Miss. Phyllis May",female,2.0,1,1,26360,26.0,S,,,3,1.0,0.6978021978021978
532,0.0,3,"Toufik, Mr. Nakli",male,24.616104125976562,0,0,2641,7.2292,C,,,1,0.0,0.15667311411992263
533,0.0,3,"Elias, Mr. Joseph Jr",male,17.0,1,1,2690,7.2292,C,,,3,0.0,0.15667311411992263
534,1.0,3,"Peter, Mrs. Catherine (Catherine Rizk)",female,27.752832412719727,0,2,2668,22.3583,C,,,3,1.0,0.792
535,0.0,3,"Cacic, Miss. Marija",female,30.0,0,0,315084,8.6625,S,,,1,0.0,0.6978021978021978
536,1.0,2,"Hart, Miss. Eva Miriam",female,7.0,0,2,F.C.C. 13529,26.25,S,,,3,0.5,0.6978021978021978
537,0.0,1,"Butt, Major. Archibald Willingham",male,45.0,0,0,113050,26.55,S,B,38,1,0.0,0.5
538,1.0,1,"LeRoy, Miss. Bertha",female,30.0,0,0,PC 17761,106.425,C,,,1,1.0,0.6978021978021978
539,0.0,3,"Risien, Mr. Samuel Beard",male,35.75808334350586,0,0,364498,14.5,S,,,1,0.0,0.15667311411992263
540,1.0,1,"Frolicher, Miss. Hedwig Margaritha",female,22.0,0,2,13568,49.5,C,B,39,3,1.0,0.6978021978021978
541,1.0,1,"Crosby, Miss. Harriet R",female,36.0,0,2,WE/P 5735,71.0,S,B,22,3,0.5,0.6978021978021978
542,0.0,3,"Andersson, Miss. Ingeborg Constanzia",female,9.0,4,2,347082,31.275,S,,,7,0.2222222222222222,0.6978021978021978
543,0.0,3,"Andersson, Miss. Sigrid Elisabeth",female,11.0,4,2,347082,31.275,S,,,7,0.2222222222222222,0.6978021978021978
544,1.0,2,"Beane, Mr. Edward",male,32.0,1,0,2908,26.0,S,,,2,1.0,0.15667311411992263
545,0.0,1,"Douglas, Mr. Walter Donald",male,50.0,1,0,PC 17761,106.425,C,C,86,2,0.0,0.15667311411992263
546,0.0,1,"Nicholson, Mr. Arthur Ernest",male,64.0,0,0,693,26.0,S,,,1,0.0,0.15667311411992263
547,1.0,2,"Beane, Mrs. Edward (Ethel Clarke)",female,19.0,1,0,2908,26.0,S,,,2,1.0,0.792
548,1.0,2,"Padro y Manent, Mr. Julian",male,24.655851364135742,0,0,SC/PARIS 2146,13.8625,C,,,1,1.0,0.15667311411992263
549,0.0,3,"Goldsmith, Mr. Frank John",male,33.0,1,1,363291,20.525,S,,,3,0.6666666666666666,0.15667311411992263
550,1.0,2,"Davies, Master. John Morgan Jr",male,8.0,1,1,C.A. 33112,36.75,S,,,3,0.3333333333333333,0.575
551,1.0,1,"Thayer, Mr. John Borland Jr",male,17.0,0,2,17421,110.8833,C,C,70,3,0.6666666666666666,0.15667311411992263
552,0.0,2,"Sharp, Mr. Percival James R",male,27.0,0,0,244358,26.0,S,,,1,0.0,0.15667311411992263
553,0.0,3,"O'Brien, Mr. Timothy",male,31.808835983276367,0,0,330979,7.8292,Q,,,1,0.3333333333333333,0.15667311411992263
554,1.0,3,"Leeni, Mr. Fahim (""Philip Zenni"")",male,22.0,0,0,2620,7.225,C,,,1,1.0,0.15667311411992263
555,1.0,3,"Ohman, Miss. Velin",female,22.0,0,0,347085,7.775,S,,,1,1.0,0.6978021978021978
556,0.0,1,"Wright, Mr. George",male,62.0,0,0,113807,26.55,S,,,1,0.0,0.15667311411992263
557,1.0,1,"Duff Gordon, Lady. (Lucille Christiana Sutherland) (""Mrs Morgan"")",female,48.0,1,0,11755,39.6,C,A,16,2,1.0,1.0
558,0.0,1,"Robbins, Mr. Victor",male,29.58426284790039,0,0,PC 17757,227.525,C,,,1,0.0,0.15667311411992263
559,1.0,1,"Taussig, Mrs. Emil (Tillie Mandelbaum)",female,39.0,1,1,110413,79.65,S,E,67,3,0.6666666666666666,0.792
560,1.0,3,"de Messemaeker, Mrs. Guillaume Joseph (Emma)",female,36.0,1,0,345572,17.4,S,,,2,1.0,0.792
561,0.0,3,"Morrow, Mr. Thomas Rowan",male,39.47279739379883,0,0,372622,7.75,Q,,,1,0.0,0.15667311411992263
562,0.0,3,"Sivic, Mr. Husein",male,40.0,0,0,349251,7.8958,S,,,1,0.0,0.15667311411992263
563,0.0,2,"Norman, Mr. Robert Douglas",male,28.0,0,0,218629,13.5,S,,,1,0.0,0.15667311411992263
564,0.0,3,"Simmons, Mr. John",male,29.197708129882812,0,0,SOTON/OQ 392082,8.05,S,,,1,0.0,0.15667311411992263
565,0.0,3,"Meanwell, Miss. (Marion Ogden)",female,22.853473663330078,0,0,SOTON/O.Q. 392087,8.05,S,,,1,0.0,0.6978021978021978
566,0.0,3,"Davies, Mr. Alfred J",male,24.0,2,0,A/4 48871,24.15,S,,,3,0.3333333333333333,0.15667311411992263
567,0.0,3,"Stoytcheff, Mr. Ilia",male,19.0,0,0,349205,7.8958,S,,,1,0.0,0.15667311411992263
568,0.0,3,"Palsson, Mrs. Nils (Alma Cornelia Berglund)",female,29.0,0,4,349909,21.075,S,,,5,0.0,0.792
569,0.0,3,"Doharr, Mr. Tannous",male,24.616104125976562,0,0,2686,7.2292,C,,,1,0.0,0.15667311411992263
570,1.0,3,"Jonsson, Mr. Carl",male,32.0,0,0,350417,7.8542,S,,,1,1.0,0.15667311411992263
571,1.0,2,"Harris, Mr. George",male,62.0,0,0,S.W./PP 752,10.5,S,,,1,0.5,0.15667311411992263
572,1.0,1,"Appleton, Mrs. Edward Dale (Charlotte Lamson)",female,53.0,2,0,11769,51.4792,S,C,101,3,1.0,0.792
573,1.0,1,"Flynn, Mr. John Irwin (""Irving"")",male,36.0,0,0,PC 17474,26.3875,S,E,25,1,0.3333333333333333,0.15667311411992263
574,1.0,3,"Kelly, Miss. Mary",female,26.86119842529297,0,0,14312,7.75,Q,,,1,0.75,0.6978021978021978
575,0.0,3,"Rush, Mr. Alfred George John",male,16.0,0,0,A/4. 20589,8.05,S,,,1,0.0,0.15667311411992263
576,0.0,3,"Patchett, Mr. George",male,19.0,0,0,358585,14.5,S,,,1,0.0,0.15667311411992263
577,1.0,2,"Garside, Miss. Ethel",female,34.0,0,0,243880,13.0,S,,,1,1.0,0.6978021978021978
578,1.0,1,"Silvey, Mrs. William Baird (Alice Munger)",female,39.0,1,0,13507,55.9,S,E,44,2,0.5,0.792
579,0.0,3,"Caram, Mrs. Joseph (Maria Elias)",female,23.974485397338867,1,0,2689,14.4583,C,,,2,0.0,0.792
580,1.0,3,"Jussila, Mr. Eiriik",male,32.0,0,0,STON/O 2. 3101286,7.925,S,,,1,0.3333333333333333,0.15667311411992263
581,1.0,2,"Christy, Miss. Julie Rachel",female,25.0,1,1,237789,30.0,S,,,3,1.0,0.6978021978021978
582,1.0,1,"Thayer, Mrs. John Borland (Marian Longstreth Morris)",female,39.0,1,1,17421,110.8833,C,C,68,3,0.6666666666666666,0.792
583,0.0,2,"Downton, Mr. William James",male,54.0,0,0,28403,26.0,S,,,1,0.0,0.15667311411992263
584,0.0,1,"Ross, Mr. John Hugo",male,36.0,0,0,13049,40.125,C,A,10,1,0.0,0.15667311411992263
585,0.0,3,"Paulner, Mr. Uscher",male,27.5234317779541,0,0,3411,8.7125,C,,,1,0.0,0.15667311411992263
586,1.0,1,"Taussig, Miss. Ruth",female,18.0,0,2,110413,79.65,S,E,68,3,0.6666666666666666,0.6978021978021978
587,0.0,2,"Jarvis, Mr. John Denzil",male,47.0,0,0,237565,15.0,S,,,1,0.0,0.15667311411992263
588,1.0,1,"Frolicher-Stehli, Mr. Maxmillian",male,60.0,1,1,13567,79.2,C,B,41,3,1.0,0.15667311411992263
589,0.0,3,"Gilinski, Mr. Eliezer",male,22.0,0,0,14973,8.05,S,,,1,0.0,0.15667311411992263
590,0.0,3,"Murdlin, Mr. Joseph",male,29.197708129882812,0,0,A./5. 3235,8.05,S,,,1,0.0,0.15667311411992263
591,0.0,3,"Rintamaki, Mr. Matti",male,35.0,0,0,STON/O 2. 3101273,7.125,S,,,1,0.0,0.15667311411992263
592,1.0,1,"Stephenson, Mrs. Walter Bertram (Martha Eustis)",female,52.0,1,0,36947,78.2667,C,D,20,2,1.0,0.792
593,0.0,3,"Elsbury, Mr. William James",male,47.0,0,0,A/5 3902,7.25,S,,,1,0.0,0.15667311411992263
594,0.0,3,"Bourke, Miss. Mary",female,28.379865646362305,0,2,364848,7.75,Q,,,3,0.0,0.6978021978021978
595,0.0,2,"Chapman, Mr. John Henry",male,37.0,1,0,SC/AH 29037,26.0,S,,,2,0.0,0.15667311411992263
596,0.0,3,"Van Impe, Mr. Jean Baptiste",male,36.0,1,1,345773,24.15,S,,,3,0.0,0.15667311411992263
597,1.0,2,"Leitch, Miss. Jessie Wills",female,21.635215759277344,0,0,248727,33.0,S,,,1,1.0,0.6978021978021978
598,0.0,3,"Johnson, Mr. Alfred",male,49.0,0,0,LINE,0.0,S,,,1,0.5,0.15667311411992263
599,0.0,3,"Boulos, Mr. Hanna",male,27.527851104736328,0,0,2664,7.225,C,,,1,0.0,0.15667311411992263
600,1.0,1,"Duff Gordon, Sir. Cosmo Edmund (""Mr Morgan"")",male,49.0,1,0,PC 17485,56.9292,C,A,20,2,1.0,1.0
601,1.0,2,"Jacobsohn, Mrs. Sidney Samuel (Amy Frances Christy)",female,24.0,2,1,243847,27.0,S,,,4,0.5,0.792
602,0.0,3,"Slabenoff, Mr. Petco",male,27.57566261291504,0,0,349214,7.8958,S,,,1,0.0,0.15667311411992263
603,0.0,1,"Harrington, Mr. Charles H",male,41.721534729003906,0,0,113796,42.4,S,,,1,0.0,0.15667311411992263
604,0.0,3,"Torber, Mr. Ernst William",male,44.0,0,0,364511,8.05,S,,,1,0.0,0.15667311411992263
605,1.0,1,"Homer, Mr. Harry (""Mr E Haven"")",male,35.0,0,0,111426,26.55,C,,,1,1.0,0.15667311411992263
606,0.0,3,"Lindell, Mr. Edvard Bengtsson",male,36.0,1,0,349910,15.55,S,,,2,0.0,0.15667311411992263
607,0.0,3,"Karaic, Mr. Milan",male,30.0,0,0,349246,7.8958,S,,,1,0.0,0.15667311411992263
608,1.0,1,"Daniel, Mr. Robert Williams",male,27.0,0,0,113804,30.5,S,,,1,1.0,0.15667311411992263
609,1.0,2,"Laroche, Mrs. Joseph (Juliette Marie Louise Lafargue)",female,22.0,1,2,SC/Paris 2123,41.5792,C,,,4,0.6666666666666666,0.792
610,1.0,1,"Shutes, Miss. Elizabeth W",female,40.0,0,0,PC 17582,153.4625,S,C,125,1,1.0,0.6978021978021978
611,0.0,3,"Andersson, Mrs. Anders Johan (Alfrida Konstantia Brogren)",female,39.0,1,5,347082,31.275,S,,,7,0.2222222222222222,0.792
612,0.0,3,"Jardin, Mr. Jose Neto",male,28.29528045654297,0,0,SOTON/O.Q. 3101305,7.05,S,,,1,0.0,0.15667311411992263
613,1.0,3,"Murphy, Miss. Margaret Jane",female,19.378814697265625,1,0,367230,15.5,Q,,,2,1.0,0.6978021978021978
614,0.0,3,"Horgan, Mr. John",male,39.47279739379883,0,0,370377,7.75,Q,,,1,0.0,0.15667311411992263
615,0.0,3,"Brocklebank, Mr. William Alfred",male,35.0,0,0,364512,8.05,S,,,1,0.0,0.15667311411992263
616,1.0,2,"Herman, Miss. Alice",female,24.0,1,2,220845,65.0,S,,,4,1.0,0.6978021978021978
617,0.0,3,"Danbom, Mr. Ernst Gilbert",male,34.0,1,1,347080,14.4,S,,,3,0.0,0.15667311411992263
618,0.0,3,"Lobb, Mrs. William Arthur (Cordelia K Stanlick)",female,26.0,1,0,A/5. 3336,16.1,S,,,2,0.0,0.792
619,1.0,2,"Becker, Miss. Marion Louise",female,4.0,2,1,230136,39.0,S,F,4,4,1.0,0.6978021978021978
620,0.0,2,"Gavey, Mr. Lawrence",male,26.0,0,0,31028,10.5,S,,,1,0.0,0.15667311411992263
621,0.0,3,"Yasbeck, Mr. Antoni",male,27.0,1,0,2659,14.4542,C,,,2,0.5,0.15667311411992263
622,1.0,1,"Kimball, Mr. Edwin Nelson Jr",male,42.0,1,0,11753,52.5542,S,D,19,2,1.0,0.15667311411992263
623,1.0,3,"Nakid, Mr. Sahid",male,20.0,1,1,2653,15.7417,C,,,3,1.0,0.15667311411992263
624,0.0,3,"Hansen, Mr. Henry Damsgaard",male,21.0,0,0,350029,7.8542,S,,,1,0.0,0.15667311411992263
625,0.0,3,"Bowen, Mr. David John ""Dai""",male,21.0,0,0,54636,16.1,S,,,1,0.0,0.15667311411992263
626,0.0,1,"Sutton, Mr. Frederick",male,61.0,0,0,36963,32.3208,S,D,50,1,0.0,0.15667311411992263
627,0.0,2,"Kirkland, Rev. Charles Leonard",male,57.0,0,0,219533,12.35,Q,,,1,0.0,0.0
628,1.0,1,"Longley, Miss. Gretchen Fiske",female,21.0,0,0,13502,77.9583,S,D,9,1,1.0,0.6978021978021978
629,0.0,3,"Bostandyeff, Mr. Guentcho",male,26.0,0,0,349224,7.8958,S,,,1,0.0,0.15667311411992263
630,0.0,3,"O'Connell, Mr. Patrick D",male,25.933218002319336,0,0,334912,7.7333,Q,,,1,0.0,0.15667311411992263
631,1.0,1,"Barkworth, Mr. Algernon Henry Wilson",male,80.0,0,0,27042,30.0,S,A,23,1,1.0,0.15667311411992263
632,0.0,3,"Lundahl, Mr. Johan Svensson",male,51.0,0,0,347743,7.0542,S,,,1,0.0,0.15667311411992263
633,1.0,1,"Stahelin-Maeglin, Dr. Max",male,32.0,0,0,13214,30.5,C,B,50,1,1.0,0.42857142857142855
634,0.0,1,"Parr, Mr. William Henry Marsh",male,41.21126174926758,0,0,112052,0.0,S,,,1,0.0,0.15667311411992263
635,0.0,3,"Skoog, Miss. Mabel",female,9.0,3,2,347088,27.9,S,,,6,0.0,0.6978021978021978
636,1.0,2,"Davis, Miss. Mary",female,28.0,0,0,237668,13.0,S,,,1,1.0,0.6978021978021978
637,0.0,3,"Leinonen, Mr. Antti Gustaf",male,32.0,0,0,STON/O 2. 3101292,7.925,S,,,1,0.0,0.15667311411992263
638,0.0,2,"Collyer, Mr. Harvey",male,31.0,1,1,C.A. 31921,26.25,S,,,3,0.6666666666666666,0.15667311411992263
639,0.0,3,"Panula, Mrs. Juha (Maria Emilia Ojala)",female,41.0,0,5,3101295,39.6875,S,,,6,0.0,0.792
640,0.0,3,"Thorneycroft, Mr. Percival",male,27.684741973876953,1,0,376564,16.1,S,,,2,0.5,0.15667311411992263
641,0.0,3,"Jensen, Mr. Hans Peder",male,20.0,0,0,350050,7.8542,S,,,1,0.0,0.15667311411992263
642,1.0,1,"Sagesser, Mlle. Emma",female,24.0,0,0,PC 17477,69.3,C,B,35,1,1.0,1.0
643,0.0,3,"Skoog, Miss. Margit Elizabeth",female,2.0,3,2,347088,27.9,S,,,6,0.0,0.6978021978021978
644,1.0,3,"Foo, Mr. Choong",male,28.11944007873535,0,0,1601,56.4958,S,,,1,1.0,0.15667311411992263
645,1.0,3,"Baclini, Miss. Eugenie",female,0.75,2,1,2666,19.2583,C,,,4,1.0,0.6978021978021978
646,1.0,1,"Harper, Mr. Henry Sleeper",male,48.0,1,0,PC 17572,76.7292,C,D,33,2,0.75,0.15667311411992263
647,0.0,3,"Cor, Mr. Liudevit",male,19.0,0,0,349231,7.8958,S,,,1,0.0,0.15667311411992263
648,1.0,1,"Simonius-Blumer, Col. Oberst Alfons",male,56.0,0,0,13213,35.5,C,A,26,1,1.0,0.5
649,0.0,3,"Willey, Mr. Edward",male,31.74311065673828,0,0,S.O./P.P. 751,7.55,S,,,1,0.0,0.15667311411992263
650,1.0,3,"Stanley, Miss. Amy Zillah Elsie",female,23.0,0,0,CA. 2314,7.55,S,,,1,0.5,0.6978021978021978
651,0.0,3,"Mitkoff, Mr. Mito",male,27.57566261291504,0,0,349221,7.8958,S,,,1,0.0,0.15667311411992263
652,1.0,2,"Doling, Miss. Elsie",female,18.0,0,1,231919,23.0,S,,,2,1.0,0.6978021978021978
653,0.0,3,"Kalvik, Mr. Johannes Halvorsen",male,21.0,0,0,8475,8.4333,S,,,1,0.0,0.15667311411992263
654,1.0,3,"O'Leary, Miss. Hanora ""Norah""",female,23.49118423461914,0,0,330919,7.8292,Q,,,1,1.0,0.6978021978021978
655,0.0,3,"Hegarty, Miss. Hanora ""Nora""",female,18.0,0,0,365226,6.75,Q,,,1,0.0,0.6978021978021978
656,0.0,2,"Hickman, Mr. Leonard Mark",male,24.0,2,0,S.O.C. 14879,73.5,S,,,3,0.0,0.15667311411992263
657,0.0,3,"Radeff, Mr. Alexander",male,27.57566261291504,0,0,349223,7.8958,S,,,1,0.0,0.15667311411992263
658,0.0,3,"Bourke, Mrs. John (Catherine)",female,32.0,1,1,364849,15.5,Q,,,3,0.0,0.792
659,0.0,2,"Eitemiller, Mr. George Floyd",male,23.0,0,0,29751,13.0,S,,,1,0.0,0.15667311411992263
660,0.0,1,"Newell, Mr. Arthur Webster",male,58.0,0,2,35273,113.275,C,D,48,3,0.6666666666666666,0.15667311411992263
661,1.0,1,"Frauenthal, Dr. Henry William",male,50.0,2,0,PC 17611,133.65,S,,,3,1.0,0.42857142857142855
662,0.0,3,"Badt, Mr. Mohamed",male,40.0,0,0,2623,7.225,C,,,1,0.0,0.15667311411992263
663,0.0,1,"Colley, Mr. Edward Pomeroy",male,47.0,0,0,5727,25.5875,S,E,58,1,0.0,0.15667311411992263
664,0.0,3,"Coleff, Mr. Peju",male,36.0,0,0,349210,7.4958,S,,,1,0.0,0.15667311411992263
665,1.0,3,"Lindqvist, Mr. Eino William",male,20.0,1,0,STON/O 2. 3101285,7.925,S,,,2,1.0,0.15667311411992263
666,0.0,2,"Hickman, Mr. Lewis",male,32.0,2,0,S.O.C. 14879,73.5,S,,,3,0.0,0.15667311411992263
667,0.0,2,"Butler, Mr. Reginald Fenton",male,25.0,0,0,234686,13.0,S,,,1,0.0,0.15667311411992263
668,0.0,3,"Rommetvedt, Mr. Knud Paust",male,28.175058364868164,0,0,312993,7.775,S,,,1,0.0,0.15667311411992263
669,0.0,3,"Cook, Mr. Jacob",male,43.0,0,0,A/5 3536,8.05,S,,,1,0.0,0.15667311411992263
670,1.0,1,"Taylor, Mrs. Elmer Zebley (Juliet Cummins Wright)",female,38.05117416381836,1,0,19996,52.0,S,C,126,2,1.0,0.792
671,1.0,2,"Brown, Mrs. Thomas William Solomon (Elizabeth Catherine Ford)",female,40.0,1,1,29750,39.0,S,,,3,0.75,0.792
672,0.0,1,"Davidson, Mr. Thornton",male,31.0,1,0,F.C. 12750,52.0,S,B,71,2,0.0,0.15667311411992263
673,0.0,2,"Mitchell, Mr. Henry Michael",male,70.0,0,0,C.A. 24580,10.5,S,,,1,0.0,0.15667311411992263
674,1.0,2,"Wilhelms, Mr. Charles",male,31.0,0,0,244270,13.0,S,,,1,1.0,0.15667311411992263
675,0.0,2,"Watson, Mr. Ennis Hastings",male,35.6481819152832,0,0,239856,0.0,S,,,1,0.0,0.15667311411992263
676,0.0,3,"Edvardsson, Mr. Gustaf Hjalmar",male,18.0,0,0,349912,7.775,S,,,1,0.0,0.15667311411992263
677,0.0,3,"Sawyer, Mr. Frederick Charles",male,24.5,0,0,342826,8.05,S,,,1,0.0,0.15667311411992263
678,1.0,3,"Turja, Miss. Anna Sofia",female,18.0,0,0,4138,9.8417,S,,,1,1.0,0.6978021978021978
679,0.0,3,"Goodwin, Mrs. Frederick (Augusta Tyler)",female,43.0,1,6,CA 2144,46.9,S,,,8,0.0,0.792
680,1.0,1,"Cardeza, Mr. Thomas Drake Martinez",male,36.0,0,1,PC 17755,512.3292,C,B,,2,1.0,0.15667311411992263
681,0.0,3,"Peters, Miss. Katie",female,21.573108673095703,0,0,330935,8.1375,Q,,,1,0.0,0.6978021978021978
682,1.0,1,"Hassab, Mr. Hammad",male,27.0,0,0,PC 17572,76.7292,C,D,49,1,1.0,0.15667311411992263
683,0.0,3,"Olsvigen, Mr. Thor Anderson",male,20.0,0,0,6563,9.225,S,,,1,0.0,0.15667311411992263
684,0.0,3,"Goodwin, Mr. Charles Edward",male,14.0,5,2,CA 2144,46.9,S,,,8,0.0,0.15667311411992263
685,0.0,2,"Brown, Mr. Thomas William Solomon",male,60.0,1,1,29750,39.0,S,,,3,0.75,0.15667311411992263
686,0.0,2,"Laroche, Mr. Joseph Philippe Lemercier",male,25.0,1,2,SC/Paris 2123,41.5792,C,,,4,0.6666666666666666,0.15667311411992263
687,0.0,3,"Panula, Mr. Jaako Arnold",male,14.0,4,1,3101295,39.6875,S,,,6,0.0,0.15667311411992263
688,0.0,3,"Dakic, Mr. Branko",male,19.0,0,0,349228,10.1708,S,,,1,0.0,0.15667311411992263
689,0.0,3,"Fischer, Mr. Eberhard Thelander",male,18.0,0,0,350036,7.7958,S,,,1,0.0,0.15667311411992263
690,1.0,1,"Madill, Miss. Georgette Alexandra",female,15.0,0,1,24160,211.3375,S,B,5,2,1.0,0.6978021978021978
691,1.0,1,"Dick, Mr. Albert Adrian",male,31.0,1,0,17474,57.0,S,B,20,2,1.0,0.15667311411992263
692,1.0,3,"Karun, Miss. Manca",female,4.0,0,1,349256,13.4167,C,,,2,1.0,0.6978021978021978
693,1.0,3,"Lam, Mr. Ali",male,28.11944007873535,0,0,1601,56.4958,S,,,1,0.5,0.15667311411992263
694,0.0,3,"Saad, Mr. Khalil",male,25.0,0,0,2672,7.225,C,,,1,0.0,0.15667311411992263
695,0.0,1,"Weir, Col. John",male,60.0,0,0,113800,26.55,S,,,1,0.0,0.5
696,0.0,2,"Chapman, Mr. Charles Henry",male,52.0,0,0,248731,13.5,S,,,1,0.0,0.15667311411992263
697,0.0,3,"Kelly, Mr. James",male,44.0,0,0,363592,8.05,S,,,1,0.75,0.15667311411992263
698,1.0,3,"Mullens, Miss. Katherine ""Katie""",female,17.75092887878418,0,0,35852,7.7333,Q,,,1,1.0,0.6978021978021978
699,0.0,1,"Thayer, Mr. John Borland",male,49.0,1,1,17421,110.8833,C,C,68,3,0.6666666666666666,0.15667311411992263
700,0.0,3,"Humblen, Mr. Adolf Mathias Nicolai Olsen",male,42.0,0,0,348121,7.65,S,F,,1,0.0,0.15667311411992263
701,1.0,1,"Astor, Mrs. John Jacob (Madeleine Talmadge Force)",female,18.0,1,0,PC 17757,227.525,C,C,,2,1.0,0.792
702,1.0,1,"Silverthorne, Mr. Spencer Victor",male,35.0,0,0,PC 17475,26.2875,S,E,24,1,1.0,0.15667311411992263
703,0.0,3,"Barbara, Miss. Saiide",female,18.0,0,1,2691,14.4542,C,,,2,0.0,0.6978021978021978
704,0.0,3,"Gallagher, Mr. Martin",male,25.0,0,0,36864,7.7417,Q,,,1,0.0,0.15667311411992263
705,0.0,3,"Hansen, Mr. Henrik Juul",male,26.0,1,0,350025,7.8542,S,,,2,0.0,0.15667311411992263
706,0.0,2,"Morley, Mr. Henry Samuel (""Mr Henry Marshall"")",male,39.0,0,0,250655,26.0,S,,,1,0.0,0.15667311411992263
707,1.0,2,"Kelly, Mrs. Florence ""Fannie""",female,45.0,0,0,223596,13.5,S,,,1,0.75,0.792
708,1.0,1,"Calderhead, Mr. Edward Pennington",male,42.0,0,0,PC 17476,26.2875,S,E,24,1,1.0,0.15667311411992263
709,1.0,1,"Cleaver, Miss. Alice",female,22.0,0,0,113781,151.55,S,,,1,1.0,0.6978021978021978
710,1.0,3,"Moubarek, Master. Halim Gonios (""William George"")",male,6.505360126495361,1,1,2661,15.2458,C,,,3,1.0,0.575
711,1.0,1,"Mayne, Mlle. Berthe Antonine (""Mrs de Villiers"")",female,24.0,0,0,PC 17482,49.5042,C,C,90,1,1.0,1.0
712,0.0,1,"Klaber, Mr. Herman",male,46.37845230102539,0,0,113028,26.55,S,C,124,1,0.0,0.15667311411992263
713,1.0,1,"Taylor, Mr. Elmer Zebley",male,48.0,1,0,19996,52.0,S,C,126,2,1.0,0.15667311411992263
714,0.0,3,"Larsson, Mr. August Viktor",male,29.0,0,0,7545,9.4833,S,,,1,0.0,0.15667311411992263
715,0.0,2,"Greenberg, Mr. Samuel",male,52.0,0,0,250647,13.0,S,,,1,0.0,0.15667311411992263
716,0.0,3,"Soholt, Mr. Peter Andreas Lauritz Andersen",male,19.0,0,0,348124,7.65,S,F,,1,0.0,0.15667311411992263
717,1.0,1,"Endres, Miss. Caroline Louise",female,38.0,0,0,PC 17757,227.525,C,C,45,1,1.0,0.6978021978021978
718,1.0,2,"Troutt, Miss. Edwina Celia ""Winnie""",female,27.0,0,0,34218,10.5,S,E,101,1,1.0,0.6978021978021978
719,0.0,3,"McEvoy, Mr. Michael",male,38.16094207763672,0,0,36568,15.5,Q,,,1,0.0,0.15667311411992263
720,0.0,3,"Johnson, Mr. Malkolm Joackim",male,33.0,0,0,347062,7.775,S,,,1,0.5,0.15667311411992263
721,1.0,2,"Harper, Miss. Annie Jessie ""Nina""",female,6.0,0,1,248727,33.0,S,,,2,0.75,0.6978021978021978
722,0.0,3,"Jensen, Mr. Svend Lauritz",male,17.0,1,0,350048,7.0542,S,,,2,0.0,0.15667311411992263
723,0.0,2,"Gillespie, Mr. William Henry",male,34.0,0,0,12233,13.0,S,,,1,0.0,0.15667311411992263
724,0.0,2,"Hodges, Mr. Henry Price",male,50.0,0,0,250643,13.0,S,,,1,0.0,0.15667311411992263
725,1.0,1,"Chambers, Mr. Norman Campbell",male,27.0,1,0,113806,53.1,S,E,8,2,1.0,0.15667311411992263
726,0.0,3,"Oreskovic, Mr. Luka",male,20.0,0,0,315094,8.6625,S,,,1,0.0,0.15667311411992263
727,1.0,2,"Renouf, Mrs. Peter Henry (Lillian Jefferys)",female,30.0,3,0,31027,21.0,S,,,4,0.5,0.792
728,1.0,3,"Mannion, Miss. Margareth",female,17.75092887878418,0,0,36866,7.7375,Q,,,1,1.0,0.6978021978021978
729,0.0,2,"Bryhl, Mr. Kurt Arnold Gottfrid",male,25.0,1,0,236853,26.0,S,,,2,0.0,0.15667311411992263
730,0.0,3,"Ilmakangas, Miss. Pieta Sofia",female,25.0,1,0,STON/O2. 3101271,7.925,S,,,2,0.0,0.6978021978021978
731,1.0,1,"Allen, Miss. Elisabeth Walton",female,29.0,0,0,24160,211.3375,S,B,5,1,0.5,0.6978021978021978
732,0.0,3,"Hassan, Mr. Houssein G N",male,11.0,0,0,2699,18.7875,C,,,1,0.0,0.15667311411992263
733,0.0,2,"Knight, Mr. Robert J",male,35.6481819152832,0,0,239855,0.0,S,,,1,0.0,0.15667311411992263
734,0.0,2,"Berriman, Mr. William John",male,23.0,0,0,28425,13.0,S,,,1,0.0,0.15667311411992263
735,0.0,2,"Troupiansky, Mr. Moses Aaron",male,23.0,0,0,233639,13.0,S,,,1,0.0,0.15667311411992263
736,0.0,3,"Williams, Mr. Leslie",male,28.5,0,0,54636,16.1,S,,,1,0.25,0.15667311411992263
737,0.0,3,"Ford, Mrs. Edward (Margaret Ann Watson)",female,48.0,1,3,W./C. 6608,34.375,S,,,5,0.0,0.792
738,1.0,1,"Lesurer, Mr. Gustave J",male,35.0,0,0,PC 17755,512.3292,C,B,101,1,1.0,0.15667311411992263
739,0.0,3,"Ivanoff, Mr. Kanio",male,27.57566261291504,0,0,349201,7.8958,S,,,1,0.0,0.15667311411992263
740,0.0,3,"Nankoff, Mr. Minko",male,27.57566261291504,0,0,349218,7.8958,S,,,1,0.0,0.15667311411992263
741,1.0,1,"Hawksford, Mr. Walter James",male,46.01645278930664,0,0,16988,30.0,S,D,45,1,1.0,0.15667311411992263
742,0.0,1,"Cavendish, Mr. Tyrell William",male,36.0,1,0,19877,78.85,S,C,46,2,0.0,0.15667311411992263
743,1.0,1,"Ryerson, Miss. Susan Parker ""Suzette""",female,21.0,2,2,PC 17608,262.375,C,B,,5,1.0,0.6978021978021978
744,0.0,3,"McNamee, Mr. Neal",male,24.0,1,0,376566,16.1,S,,,2,0.0,0.15667311411992263
745,1.0,3,"Stranden, Mr. Juho",male,31.0,0,0,STON/O 2. 3101288,7.925,S,,,1,1.0,0.15667311411992263
746,0.0,1,"Crosby, Capt. Edward Gifford",male,70.0,1,1,WE/P 5735,71.0,S,B,22,3,0.5,0.0
747,0.0,3,"Abbott, Mr. Rossmore Edward",male,16.0,1,1,C.A. 2673,20.25,S,,,3,0.5,0.15667311411992263
748,1.0,2,"Sinkkonen, Miss. Anna",female,30.0,0,0,250648,13.0,S,,,1,1.0,0.6978021978021978
749,0.0,1,"Marvin, Mr. Daniel Warner",male,19.0,1,0,113773,53.1,S,D,30,2,0.0,0.15667311411992263
750,0.0,3,"Connaghton, Mr. Michael",male,31.0,0,0,335097,7.75,Q,,,1,0.0,0.15667311411992263
751,1.0,2,"Wells, Miss. Joan",female,4.0,1,1,29103,23.0,S,,,3,1.0,0.6978021978021978
752,1.0,3,"Moor, Master. Meier",male,6.0,0,1,392096,12.475,S,E,121,2,1.0,0.575
753,0.0,3,"Vande Velde, Mr. Johannes Joseph",male,33.0,0,0,345780,9.5,S,,,1,0.0,0.15667311411992263
754,0.0,3,"Jonkoff, Mr. Lalio",male,23.0,0,0,349204,7.8958,S,,,1,0.0,0.15667311411992263
755,1.0,2,"Herman, Mrs. Samuel (Jane Laver)",female,48.0,1,2,220845,65.0,S,,,4,1.0,0.792
756,1.0,2,"Hamalainen, Master. Viljo",male,0.67,1,1,250649,14.5,S,,,3,1.0,0.575
757,0.0,3,"Carlsson, Mr. August Sigfrid",male,28.0,0,0,350042,7.7958,S,,,1,0.0,0.15667311411992263
758,0.0,2,"Bailey, Mr. Percy Andrew",male,18.0,0,0,29108,11.5,S,,,1,0.0,0.15667311411992263
759,0.0,3,"Theobald, Mr. Thomas Leonard",male,34.0,0,0,363294,8.05,S,,,1,0.0,0.15667311411992263
760,1.0,1,"Rothes, the Countess. of (Lucy Noel Martha Dyer-Edwards)",female,33.0,0,0,110152,86.5,S,B,77,1,1.0,1.0
761,0.0,3,"Garfirth, Mr. John",male,35.75808334350586,0,0,358585,14.5,S,,,1,0.0,0.15667311411992263
762,0.0,3,"Nirva, Mr. Iisakki Antino Aijo",male,41.0,0,0,SOTON/O2 3101272,7.125,S,,,1,0.0,0.15667311411992263
763,1.0,3,"Barah, Mr. Hanna Assi",male,20.0,0,0,2663,7.2292,C,,,1,1.0,0.15667311411992263
764,1.0,1,"Carter, Mrs. William Ernest (Lucile Polk)",female,36.0,1,2,113760,120.0,S,B,,4,0.6666666666666666,0.792
765,0.0,3,"Eklund, Mr. Hans Linus",male,16.0,0,0,347074,7.775,S,,,1,0.0,0.15667311411992263
766,1.0,1,"Hogeboom, Mrs. John C (Anna Andrews)",female,51.0,1,0,13502,77.9583,S,D,11,2,1.0,0.792
767,0.0,1,"Brewe, Dr. Arthur Jackson",male,43.216182708740234,0,0,112379,39.6,C,,,1,0.0,0.42857142857142855
768,0.0,3,"Mangan, Miss. Mary",female,30.5,0,0,364850,7.75,Q,,,1,0.0,0.6978021978021978
769,0.0,3,"Moran, Mr. Daniel J",male,34.269065856933594,1,0,371110,24.15,Q,,,2,0.3333333333333333,0.15667311411992263
770,0.0,3,"Gronnestad, Mr. Daniel Danielsen",male,32.0,0,0,8471,8.3625,S,,,1,0.0,0.15667311411992263
771,0.0,3,"Lievens, Mr. Rene Aime",male,24.0,0,0,345781,9.5,S,,,1,0.0,0.15667311411992263
772,0.0,3,"Jensen, Mr. Niels Peder",male,48.0,0,0,350047,7.8542,S,,,1,0.0,0.15667311411992263
773,0.0,2,"Mack, Mrs. (Mary)",female,57.0,0,0,S.O./P.P. 3,10.5,S,E,77,1,0.0,0.792
774,0.0,3,"Elias, Mr. Dibo",male,27.527851104736328,0,0,2674,7.225,C,,,1,0.0,0.15667311411992263
775,1.0,2,"Hocking, Mrs. Elizabeth (Eliza Needs)",female,54.0,1,3,29105,23.0,S,,,5,0.5,0.792
776,0.0,3,"Myhrman, Mr. Pehr Fabian Oliver Malkolm",male,18.0,0,0,347078,7.75,S,,,1,0.0,0.15667311411992263
777,0.0,3,"Tobin, Mr. Roger",male,39.47279739379883,0,0,383121,7.75,Q,F,38,1,0.0,0.15667311411992263
778,1.0,3,"Emanuel, Miss. Virginia Ethel",female,5.0,0,0,364516,12.475,S,,,1,1.0,0.6978021978021978
779,0.0,3,"Kilgannon, Mr. Thomas J",male,25.933218002319336,0,0,36865,7.7375,Q,,,1,0.0,0.15667311411992263
780,1.0,1,"Robert, Mrs. Edward Scott (Elisabeth Walton McMillan)",female,43.0,0,1,24160,211.3375,S,B,3,2,1.0,0.792
781,1.0,3,"Ayoub, Miss. Banoura",female,13.0,0,0,2687,7.2292,C,,,1,1.0,0.6978021978021978
782,1.0,1,"Dick, Mrs. Albert Adrian (Vera Gillespie)",female,17.0,1,0,17474,57.0,S,B,20,2,1.0,0.792
783,0.0,1,"Long, Mr. Milton Clyde",male,29.0,0,0,113501,30.0,S,D,6,1,0.0,0.15667311411992263
784,0.0,3,"Johnston, Mr. Andrew G",male,31.137109756469727,1,2,W./C. 6607,23.45,S,,,4,0.0,0.15667311411992263
785,0.0,3,"Ali, Mr. William",male,25.0,0,0,SOTON/O.Q. 3101312,7.05,S,,,1,0.0,0.15667311411992263
786,0.0,3,"Harmer, Mr. Abraham (David Lishin)",male,25.0,0,0,374887,7.25,S,,,1,0.0,0.15667311411992263
787,1.0,3,"Sjoblom, Miss. Anna Sofia",female,18.0,0,0,3101265,7.4958,S,,,1,1.0,0.6978021978021978
788,0.0,3,"Rice, Master. George Hugh",male,8.0,4,1,382652,29.125,Q,,,6,0.0,0.575
789,1.0,3,"Dean, Master. Bertram Vere",male,1.0,1,2,C.A. 2315,20.575,S,,,4,0.5,0.575
790,0.0,1,"Guggenheim, Mr. Benjamin",male,46.0,0,0,PC 17593,79.2,C,B,,1,0.0,0.15667311411992263
791,0.0,3,"Keane, Mr. Andrew ""Andy""",male,39.47279739379883,0,0,12460,7.75,Q,,,1,0.5,0.15667311411992263
792,0.0,2,"Gaskell, Mr. Alfred",male,16.0,0,0,239865,26.0,S,,,1,0.0,0.15667311411992263
793,0.0,3,"Sage, Miss. Stella Anna",female,23.19721221923828,8,2,CA. 2343,69.55,S,,,11,0.0,0.6978021978021978
794,0.0,1,"Hoyt, Mr. William Fisher",male,45.796932220458984,0,0,PC 17600,30.6958,C,,,1,0.6666666666666666,0.15667311411992263
795,0.0,3,"Dantcheff, Mr. Ristiu",male,25.0,0,0,349203,7.8958,S,,,1,0.0,0.15667311411992263
796,0.0,2,"Otter, Mr. Richard",male,39.0,0,0,28213,13.0,S,,,1,0.0,0.15667311411992263
797,1.0,1,"Leader, Dr. Alice (Farnham)",female,49.0,0,0,17465,25.9292,S,D,17,1,1.0,0.42857142857142855
798,1.0,3,"Osman, Mrs. Mara",female,31.0,0,0,349244,8.6833,S,,,1,1.0,0.792
799,0.0,3,"Ibrahim Shawah, Mr. Yousseff",male,30.0,0,0,2685,7.2292,C,,,1,0.0,0.15667311411992263
800,0.0,3,"Van Impe, Mrs. Jean Baptiste (Rosalie Paula Govaert)",female,30.0,1,1,345773,24.15,S,,,3,0.0,0.792
801,0.0,2,"Ponesell, Mr. Martin",male,34.0,0,0,250647,13.0,S,,,1,0.0,0.15667311411992263
802,1.0,2,"Collyer, Mrs. Harvey (Charlotte Annie Tate)",female,31.0,1,1,C.A. 31921,26.25,S,,,3,0.6666666666666666,0.792
803,1.0,1,"Carter, Master. William Thornton II",male,11.0,1,2,113760,120.0,S,B,,4,0.6666666666666666,0.575
804,1.0,3,"Thomas, Master. Assad Alexander",male,0.42,0,1,2625,8.5167,C,,,2,1.0,0.575
805,1.0,3,"Hedman, Mr. Oskar Arvid",male,27.0,0,0,347089,6.975,S,,,1,1.0,0.15667311411992263
806,0.0,3,"Johansson, Mr. Karl Johan",male,31.0,0,0,347063,7.775,S,,,1,0.0,0.15667311411992263
807,0.0,1,"Andrews, Mr. Thomas Jr",male,39.0,0,0,112050,0.0,S,A,36,1,0.5,0.15667311411992263
808,0.0,3,"Pettersson, Miss. Ellen Natalia",female,18.0,0,0,347087,7.775,S,,,1,0.0,0.6978021978021978
809,0.0,2,"Meyer, Mr. August",male,39.0,0,0,248723,13.0,S,,,1,0.3333333333333333,0.15667311411992263
810,1.0,1,"Chambers, Mrs. Norman Campbell (Bertha Griggs)",female,33.0,1,0,113806,53.1,S,E,8,2,1.0,0.792
811,0.0,3,"Alexander, Mr. William",male,26.0,0,0,3474,7.8875,S,,,1,0.0,0.15667311411992263
812,0.0,3,"Lester, Mr. James",male,39.0,0,0,A/4 48871,24.15,S,,,1,0.0,0.15667311411992263
813,0.0,2,"Slemen, Mr. Richard James",male,35.0,0,0,28206,10.5,S,,,1,0.0,0.15667311411992263
814,0.0,3,"Andersson, Miss. Ebba Iris Alfrida",female,6.0,4,2,347082,31.275,S,,,7,0.2222222222222222,0.6978021978021978
815,0.0,3,"Tomlin, Mr. Ernest Portage",male,30.5,0,0,364499,8.05,S,,,1,0.0,0.15667311411992263
816,0.0,1,"Fry, Mr. Richard",male,41.21126174926758,0,0,112058,0.0,S,B,102,1,0.0,0.15667311411992263
817,0.0,3,"Heininen, Miss. Wendla Maria",female,23.0,0,0,STON/O2. 3101290,7.925,S,,,1,0.0,0.6978021978021978
818,0.0,2,"Mallet, Mr. Albert",male,31.0,1,1,S.C./PARIS 2079,37.0042,C,,,3,0.5,0.15667311411992263
819,0.0,3,"Holm, Mr. John Fredrik Alexander",male,43.0,0,0,C 7075,6.45,S,,,1,0.0,0.15667311411992263
820,0.0,3,"Skoog, Master. Karl Thorsten",male,10.0,3,2,347088,27.9,S,,,6,0.0,0.575
821,1.0,1,"Hays, Mrs. Charles Melville (Clara Jennings Gregg)",female,52.0,1,1,12749,93.5,S,B,69,3,1.0,0.792
822,1.0,3,"Lulic, Mr. Nikola",male,27.0,0,0,315098,8.6625,S,,,1,1.0,0.15667311411992263
823,0.0,1,"Reuchlin, Jonkheer. John George",male,38.0,0,0,19972,0.0,S,,,1,0.0,0.0
824,1.0,3,"Moor, Mrs. (Beila)",female,27.0,0,1,392096,12.475,S,E,121,2,1.0,0.792
825,0.0,3,"Panula, Master. Urho Abraham",male,2.0,4,1,3101295,39.6875,S,,,6,0.0,0.575
826,0.0,3,"Flynn, Mr. John",male,31.695566177368164,0,0,368323,6.95,Q,,,1,0.3333333333333333,0.15667311411992263
827,0.0,3,"Lam, Mr. Len",male,28.11944007873535,0,0,1601,56.4958,S,,,1,0.5,0.15667311411992263
828,1.0,2,"Mallet, Master. Andre",male,1.0,0,2,S.C./PARIS 2079,37.0042,C,,,3,0.5,0.575
829,1.0,3,"McCormack, Mr. Thomas Joseph",male,39.47279739379883,0,0,367228,7.75,Q,,,1,1.0,0.15667311411992263
830,1.0,1,"Stone, Mrs. George Nelson (Martha Evelyn)",female,62.0,0,0,113572,80.0,S,B,28,1,1.0,0.792
831,1.0,3,"Yasbeck, Mrs. Antoni (Selini Alexander)",female,15.0,1,0,2659,14.4542,C,,,2,0.5,0.792
832,1.0,2,"Richards, Master. George Sibley",male,0.83,1,1,29106,18.75,S,,,3,1.0,0.575
833,0.0,3,"Saad, Mr. Amin",male,24.616104125976562,0,0,2671,7.2292,C,,,1,0.0,0.15667311411992263
834,0.0,3,"Augustsson, Mr. Albert",male,23.0,0,0,347468,7.8542,S,,,1,0.0,0.15667311411992263
835,0.0,3,"Allum, Mr. Owen George",male,18.0,0,0,2223,8.3,S,,,1,0.0,0.15667311411992263
836,1.0,1,"Compton, Miss. Sara Rebecca",female,39.0,1,1,PC 17756,83.1583,C,E,49,3,1.0,0.6978021978021978
837,0.0,3,"Pasic, Mr. Jakob",male,21.0,0,0,315097,8.6625,S,,,1,0.0,0.15667311411992263
838,0.0,3,"Sirota, Mr. Maurice",male,29.197708129882812,0,0,392092,8.05,S,,,1,0.0,0.15667311411992263
839,1.0,3,"Chip, Mr. Chang",male,32.0,0,0,1601,56.4958,S,,,1,1.0,0.15667311411992263
840,1.0,1,"Marechal, Mr. Pierre",male,42.505592346191406,0,0,11774,29.7,C,C,47,1,1.0,0.15667311411992263
841,0.0,3,"Alhomaki, Mr. Ilmari Rudolf",male,20.0,0,0,SOTON/O2 3101287,7.925,S,,,1,0.0,0.15667311411992263
842,0.0,2,"Mudd, Mr. Thomas Charles",male,16.0,0,0,S.O./P.P. 3,10.5,S,,,1,0.0,0.15667311411992263
843,1.0,1,"Serepeca, Miss. Augusta",female,30.0,0,0,113798,31.0,C,,,1,1.0,0.6978021978021978
844,0.0,3,"Lemberopolous, Mr. Peter L",male,34.5,0,0,2683,6.4375,C,,,1,0.0,0.15667311411992263
845,0.0,3,"Culumovic, Mr. Jeso",male,17.0,0,0,315090,8.6625,S,,,1,0.0,0.15667311411992263
846,0.0,3,"Abbing, Mr. Anthony",male,42.0,0,0,C.A. 5547,7.55,S,,,1,0.0,0.15667311411992263
847,0.0,3,"Sage, Mr. Douglas Bullen",male,20.65947914123535,8,2,CA. 2343,69.55,S,,,11,0.0,0.15667311411992263
848,0.0,3,"Markoff, Mr. Marin",male,35.0,0,0,349213,7.8958,C,,,1,0.0,0.15667311411992263
849,0.0,2,"Harper, Rev. John",male,28.0,0,1,248727,33.0,S,,,2,0.75,0.0
850,1.0,1,"Goldenberg, Mrs. Samuel L (Edwiga Grabowska)",female,33.01985168457031,1,0,17453,89.1042,C,C,92,2,1.0,0.792
851,0.0,3,"Andersson, Master. Sigvard Harald Elias",male,4.0,4,2,347082,31.275,S,,,7,0.2222222222222222,0.575
852,0.0,3,"Svensson, Mr. Johan",male,74.0,0,0,347060,7.775,S,,,1,0.0,0.15667311411992263
853,0.0,3,"Boulos, Miss. Nourelain",female,9.0,1,1,2678,15.2458,C,,,3,0.0,0.6978021978021978
854,1.0,1,"Lines, Miss. Mary Conover",female,16.0,0,1,PC 17592,39.4,S,D,28,2,1.0,0.6978021978021978
855,0.0,2,"Carter, Mrs. Ernest Courtenay (Lilian Hughes)",female,44.0,1,0,244252,26.0,S,,,2,0.6666666666666666,0.792
856,1.0,3,"Aks, Mrs. Sam (Leah Rosen)",female,18.0,0,1,392091,9.35,S,,,2,1.0,0.792
857,1.0,1,"Wick, Mrs. George Dennick (Mary Hitchcock)",female,45.0,1,1,36928,164.8667,S,,,3,1.0,0.792
858,1.0,1,"Daly, Mr. Peter Denis ",male,51.0,0,0,113055,26.55,S,E,17,1,1.0,0.15667311411992263
859,1.0,3,"Baclini, Mrs. Solomon (Latifa Qurban)",female,24.0,0,3,2666,19.2583,C,,,4,1.0,0.792
860,0.0,3,"Razi, Mr. Raihed",male,24.616104125976562,0,0,2629,7.2292,C,,,1,0.0,0.15667311411992263
861,0.0,3,"Hansen, Mr. Claus Peter",male,41.0,2,0,350026,14.1083,S,,,3,0.0,0.15667311411992263
862,0.0,2,"Giles, Mr. Frederick Edward",male,21.0,1,0,28134,11.5,S,,,2,0.0,0.15667311411992263
863,1.0,1,"Swift, Mrs. Frederick Joel (Margaret Welles Barron)",female,48.0,0,0,17466,25.9292,S,D,17,1,1.0,0.792
864,0.0,3,"Sage, Miss. Dorothy Edith ""Dolly""",female,23.19721221923828,8,2,CA. 2343,69.55,S,,,11,0.0,0.6978021978021978
865,0.0,2,"Gill, Mr. John William",male,24.0,0,0,233866,13.0,S,,,1,0.0,0.15667311411992263
866,1.0,2,"Bystrom, Mrs. (Karolina)",female,42.0,0,0,236852,13.0,S,,,1,1.0,0.792
867,1.0,2,"Duran y More, Miss. Asuncion",female,27.0,1,0,SC/PARIS 2149,13.8583,C,,,2,1.0,0.6978021978021978
868,0.0,1,"Roebling, Mr. Washington Augustus II",male,31.0,0,0,PC 17590,50.4958,S,A,24,1,0.0,0.15667311411992263
869,0.0,3,"van Melkebeke, Mr. Philemon",male,27.621612548828125,0,0,345777,9.5,S,,,1,0.0,0.15667311411992263
870,1.0,3,"Johnson, Master. Harold Theodor",male,4.0,1,1,347742,11.1333,S,,,3,0.5,0.575
871,0.0,3,"Balkic, Mr. Cerin",male,26.0,0,0,349248,7.8958,S,,,1,0.0,0.15667311411992263
872,1.0,1,"Beckwith, Mrs. Richard Leonard (Sallie Monypeny)",female,47.0,1,1,11751,52.5542,S,D,35,3,1.0,0.792
873,0.0,1,"Carlsson, Mr. Frans Olof",male,33.0,0,0,695,5.0,S,B,,1,0.0,0.15667311411992263
874,0.0,3,"Vander Cruyssen, Mr. Victor",male,47.0,0,0,345765,9.0,S,,,1,0.0,0.15667311411992263
875,1.0,2,"Abelson, Mrs. Samuel (Hannah Wizosky)",female,28.0,1,0,P/PP 3381,24.0,C,,,2,0.5,0.792
876,1.0,3,"Najib, Miss. Adele Kiamie ""Jane""",female,15.0,0,0,2667,7.225,C,,,1,1.0,0.6978021978021978
877,0.0,3,"Gustafsson, Mr. Alfred Ossian",male,20.0,0,0,7534,9.8458,S,,,1,0.0,0.15667311411992263
878,0.0,3,"Petroff, Mr. Nedelio",male,19.0,0,0,349212,7.8958,S,,,1,0.0,0.15667311411992263
879,0.0,3,"Laleff, Mr. Kristo",male,27.57566261291504,0,0,349217,7.8958,S,,,1,0.0,0.15667311411992263
880,1.0,1,"Potter, Mrs. Thomas Jr (Lily Alexenia Wilson)",female,56.0,0,1,11767,83.1583,C,C,50,2,1.0,0.792
881,1.0,2,"Shelley, Mrs. William (Imanita Parrish Hall)",female,25.0,0,1,230433,26.0,S,,,2,1.0,0.792
882,0.0,3,"Markun, Mr. Johann",male,33.0,0,0,349257,7.8958,S,,,1,0.0,0.15667311411992263
883,0.0,3,"Dahlberg, Miss. Gerda Ulrika",female,22.0,0,0,7552,10.5167,S,,,1,0.0,0.6978021978021978
884,0.0,2,"Banfield, Mr. Frederick James",male,28.0,0,0,C.A./SOTON 34068,10.5,S,,,1,0.0,0.15667311411992263
885,0.0,3,"Sutehall, Mr. Henry Jr",male,25.0,0,0,SOTON/OQ 392076,7.05,S,,,1,0.0,0.15667311411992263
886,0.0,3,"Rice, Mrs. William (Margaret Norton)",female,39.0,0,5,382652,29.125,Q,,,6,0.0,0.792
887,0.0,2,"Montvila, Rev. Juozas",male,27.0,0,0,211536,13.0,S,,,1,0.0,0.0
888,1.0,1,"Graham, Miss. Margaret Edith",female,19.0,0,0,112053,30.0,S,B,42,1,0.6666666666666666,0.6978021978021978
889,0.0,3,"Johnston, Miss. Catherine Helen ""Carrie""",female,6.092881202697754,1,2,W./C. 6607,23.45,S,,,4,0.0,0.6978021978021978
890,1.0,1,"Behr, Mr. Karl Howell",male,26.0,0,0,111369,30.0,C,C,148,1,1.0,0.15667311411992263
891,0.0,3,"Dooley, Mr. Patrick",male,32.0,0,0,370376,7.75,Q,,,1,0.0,0.15667311411992263
